day_name,dow_num,hour,price_median,price_mean,quarters
Friday,4,0,454.33,454.33,456
Friday,4,1,433.95,423.47,456
Friday,4,2,424.67,409.61,456
Friday,4,3,420.01,407.01,456
Friday,4,4,425.56,414.68,456
Friday,4,5,442.29,442.33,456
Friday,4,6,527.58,534.73,456
Friday,4,7,557.76,575.86,456
Friday,4,8,509.52,536.24,456
Friday,4,9,433.89,449.82,456
Friday,4,10,375.34,356.98,456
Friday,4,11,339.38,309.84,456
Friday,4,12,320.76,280.54,456
Friday,4,13,325.29,283.33,456
Friday,4,14,366.81,317.55,456
Friday,4,15,416.79,398.19,456
Friday,4,16,455.46,488.51,456
Friday,4,17,524.67,563.25,456
Friday,4,18,612.46,634.02,456
Friday,4,19,646.43,710.88,456
Friday,4,20,646.12,708.26,456
Friday,4,21,536.28,584.12,456
Friday,4,22,499.66,515.45,456
Friday,4,23,450.69,460.26,456
Monday,0,0,416.23,400.06,456
Monday,0,1,394.9,381.67,456
Monday,0,2,384.2,368.9,456
Monday,0,3,383.8,367.22,456
Monday,0,4,393.94,377.93,456
Monday,0,5,424.5,417.71,456
Monday,0,6,554.75,548.32,456
Monday,0,7,612.06,620.44,456
Monday,0,8,548.72,565.97,456
Monday,0,9,456.36,469.68,456
Monday,0,10,393.71,377.62,456
Monday,0,11,378.8,336.75,456
Monday,0,12,355.96,320.23,456
Monday,0,13,359.92,334.0,456
Monday,0,14,384.32,368.79,456
Monday,0,15,407.25,431.29,456
Monday,0,16,467.7,523.84,456
Monday,0,17,559.54,611.14,456
Monday,0,18,646.17,707.74,456
Monday,0,19,750.58,831.93,456
Monday,0,20,735.17,821.25,456
Monday,0,21,578.12,639.64,456
Monday,0,22,495.49,533.31,456
Monday,0,23,447.67,458.64,456
Saturday,5,0,469.35,470.7,456
Saturday,5,1,446.47,445.61,456
Saturday,5,2,435.48,431.66,456
Saturday,5,3,432.47,426.87,456
Saturday,5,4,433.4,427.32,456
Saturday,5,5,433.16,430.94,456
Saturday,5,6,442.2,441.92,456
Saturday,5,7,459.74,448.36,456
Saturday,5,8,435.56,414.81,456
Saturday,5,9,362.07,324.16,456
Saturday,5,10,251.22,242.53,456
Saturday,5,11,147.24,201.27,456
Saturday,5,12,99.51,178.82,456
Saturday,5,13,122.13,177.53,456
Saturday,5,14,161.74,209.35,456
Saturday,5,15,323.24,282.07,456
Saturday,5,16,420.87,386.21,456
Saturday,5,17,498.22,493.53,456
Saturday,5,18,575.17,565.62,456
Saturday,5,19,587.52,593.86,456
Saturday,5,20,578.24,596.97,456
Saturday,5,21,525.26,542.83,456
Saturday,5,22,487.42,490.15,456
Saturday,5,23,450.52,439.51,456
Sunday,6,0,435.59,415.83,456
Sunday,6,1,419.04,393.22,456
Sunday,6,2,405.78,377.02,456
Sunday,6,3,398.53,373.07,456
Sunday,6,4,394.49,372.84,456
Sunday,6,5,396.1,370.98,456
Sunday,6,6,394.3,364.41,456
Sunday,6,7,389.74,350.54,456
Sunday,6,8,337.28,291.68,456
Sunday,6,9,206.18,221.95,456
Sunday,6,10,66.58,173.63,456
Sunday,6,11,33.08,140.04,456
Sunday,6,12,21.98,116.57,456
Sunday,6,13,16.59,112.74,456
Sunday,6,14,59.26,139.57,456
Sunday,6,15,258.24,205.68,456
Sunday,6,16,377.13,308.91,456
Sunday,6,17,463.0,424.31,456
Sunday,6,18,519.31,514.14,456
Sunday,6,19,549.93,563.89,456
Sunday,6,20,559.91,573.24,456
Sunday,6,21,511.71,529.81,456
Sunday,6,22,473.05,483.75,456
Sunday,6,23,440.97,430.29,456
Thursday,3,0,451.92,455.46,452
Thursday,3,1,431.59,428.43,452
Thursday,3,2,416.08,415.18,452
Thursday,3,3,414.02,413.53,452
Thursday,3,4,417.28,418.8,452
Thursday,3,5,442.35,446.2,452
Thursday,3,6,540.18,542.31,452
Thursday,3,7,574.59,601.41,452
Thursday,3,8,514.13,559.66,452
Thursday,3,9,436.88,466.45,452
Thursday,3,10,364.03,363.38,452
Thursday,3,11,327.32,314.25,452
Thursday,3,12,307.04,290.23,452
Thursday,3,13,327.89,295.59,452
Thursday,3,14,355.42,327.59,452
Thursday,3,15,407.44,399.74,452
Thursday,3,16,451.25,490.6,452
Thursday,3,17,531.76,575.42,452
Thursday,3,18,617.77,666.4,452
Thursday,3,19,681.77,779.07,452
Thursday,3,20,713.44,780.52,452
Thursday,3,21,561.28,625.47,452
Thursday,3,22,500.0,523.74,452
Thursday,3,23,452.74,459.16,452
Tuesday,1,0,454.78,451.13,456
Tuesday,1,1,430.44,425.63,456
Tuesday,1,2,417.36,414.38,456
Tuesday,1,3,416.76,413.11,456
Tuesday,1,4,427.01,420.55,456
Tuesday,1,5,452.24,450.47,456
Tuesday,1,6,570.65,564.65,456
Tuesday,1,7,604.27,638.01,456
Tuesday,1,8,533.04,593.27,456
Tuesday,1,9,446.78,486.84,456
Tuesday,1,10,381.32,380.49,456
Tuesday,1,11,350.99,346.79,456
Tuesday,1,12,344.43,330.71,456
Tuesday,1,13,346.14,342.66,456
Tuesday,1,14,369.57,376.19,456
Tuesday,1,15,415.53,444.79,456
Tuesday,1,16,477.32,540.27,456
Tuesday,1,17,553.16,635.03,456
Tuesday,1,18,660.97,726.74,456
Tuesday,1,19,762.68,862.95,456
Tuesday,1,20,732.13,834.46,456
Tuesday,1,21,569.69,641.29,456
Tuesday,1,22,505.5,533.65,456
Tuesday,1,23,452.71,464.33,456
Wednesday,2,0,450.52,455.75,456
Wednesday,2,1,426.6,429.18,456
Wednesday,2,2,416.85,416.44,456
Wednesday,2,3,417.35,415.29,456
Wednesday,2,4,420.56,422.58,456
Wednesday,2,5,451.24,452.75,456
Wednesday,2,6,554.7,559.23,456
Wednesday,2,7,585.92,632.86,456
Wednesday,2,8,529.58,582.7,456
Wednesday,2,9,440.26,470.32,456
Wednesday,2,10,379.88,363.58,456
Wednesday,2,11,340.61,320.15,456
Wednesday,2,12,317.64,297.47,456
Wednesday,2,13,316.58,309.86,456
Wednesday,2,14,353.06,343.32,456
Wednesday,2,15,402.71,429.23,456
Wednesday,2,16,460.29,527.01,456
Wednesday,2,17,542.98,616.62,456
Wednesday,2,18,630.87,696.17,456
Wednesday,2,19,738.43,809.68,456
Wednesday,2,20,697.91,783.87,456
Wednesday,2,21,580.67,626.02,456
Wednesday,2,22,501.09,533.24,456
Wednesday,2,23,450.7,466.76,456
