business_date,year,month,day_name,dow_num,is_weekend,quarters,price_mean,price_median,price_min,price_max,price_std,res_share_mean,negative_quarters,spread_20
2024-06-14,2024,6,Friday,4,False,96,536.74,478.26,361.77,886.78,149.21,0.2142,0,408.36
2024-06-15,2024,6,Saturday,5,True,96,336.25,462.94,-109.61,632.85,260.45,0.3474,24,668.88
2024-06-16,2024,6,Sunday,6,True,96,419.54,373.21,308.44,687.15,102.11,0.2454,0,268.07
2024-06-17,2024,6,Monday,0,False,96,535.8,425.62,267.11,1222.63,282.71,0.2432,0,751.13
2024-06-18,2024,6,Tuesday,1,False,96,582.53,478.3,266.05,1489.4,349.23,0.2422,0,882.41
2024-06-19,2024,6,Wednesday,2,False,96,472.85,428.22,259.4,915.47,172.83,0.2778,0,464.87
2024-06-20,2024,6,Thursday,3,False,96,493.71,409.56,116.15,1389.72,336.75,0.2997,0,897.65
2024-06-21,2024,6,Friday,4,False,96,497.73,432.77,298.65,972.32,179.69,0.2556,0,467.21
2024-06-22,2024,6,Saturday,5,True,96,334.29,380.08,-2.07,519.85,147.23,0.3431,4,408.39
2024-06-23,2024,6,Sunday,6,True,96,233.19,270.94,-106.02,633.7,252.59,0.3896,28,665.26
2024-06-24,2024,6,Monday,0,False,96,598.6,500.97,369.78,1400.37,290.02,0.2223,0,730.6
2024-06-25,2024,6,Tuesday,1,False,96,592.9,496.7,328.17,1444.18,305.69,0.2081,0,781.98
2024-06-26,2024,6,Wednesday,2,False,96,563.69,475.18,265.96,1557.04,319.81,0.2838,0,819.67
2024-06-27,2024,6,Thursday,3,False,96,598.22,502.88,266.76,1554.86,305.18,0.2832,0,789.35
2024-06-28,2024,6,Friday,4,False,96,595.38,526.0,444.88,1051.7,169.71,0.2523,0,433.87
2024-06-29,2024,6,Saturday,5,True,96,435.87,478.88,155.51,682.73,162.98,0.2936,0,460.92
2024-06-30,2024,6,Sunday,6,True,96,196.8,219.88,-101.7,504.0,215.02,0.446,28,557.64
2024-07-01,2024,7,Monday,0,False,96,670.04,577.26,425.45,1439.07,272.7,0.1987,0,715.59
2024-07-02,2024,7,Tuesday,1,False,96,548.16,525.22,301.85,1013.31,188.59,0.2428,0,520.03
2024-07-03,2024,7,Wednesday,2,False,96,533.51,453.09,365.17,1135.54,205.29,0.212,0,528.89
2024-07-04,2024,7,Thursday,3,False,96,443.97,412.94,275.76,756.08,132.55,0.2215,0,360.38
2024-07-05,2024,7,Friday,4,False,96,349.13,393.47,-3.12,736.64,217.27,0.3106,8,616.72
2024-07-06,2024,7,Saturday,5,True,96,258.53,389.3,-154.77,509.88,237.67,0.415,28,612.67
2024-07-07,2024,7,Sunday,6,True,96,355.6,316.08,87.81,745.01,197.66,0.3052,0,568.73
2024-07-08,2024,7,Monday,0,False,96,593.91,452.24,373.24,1431.58,287.85,0.2011,0,726.03
2024-07-09,2024,7,Tuesday,1,False,96,484.1,429.98,250.0,1037.57,203.49,0.2474,0,547.51
2024-07-10,2024,7,Wednesday,2,False,96,441.18,365.74,140.39,1005.99,234.06,0.3382,0,661.33
2024-07-11,2024,7,Thursday,3,False,96,632.66,503.64,407.75,1470.27,299.99,0.1832,0,767.91
2024-07-12,2024,7,Friday,4,False,96,518.98,441.24,351.51,929.84,163.72,0.214,0,428.57
2024-07-13,2024,7,Saturday,5,True,96,348.31,401.78,-54.19,862.63,284.15,0.3152,20,785.55
2024-07-14,2024,7,Sunday,6,True,96,422.16,414.39,85.6,898.76,231.69,0.2764,0,666.97
2024-07-15,2024,7,Monday,0,False,96,592.47,419.8,273.04,1645.69,393.66,0.2385,0,1007.56
2024-07-16,2024,7,Tuesday,1,False,96,636.52,428.94,276.23,1795.0,425.47,0.2506,0,1066.01
2024-07-17,2024,7,Wednesday,2,False,96,631.01,408.82,197.43,2040.23,514.06,0.2582,0,1322.11
2024-07-18,2024,7,Thursday,3,False,96,636.42,423.3,161.15,2342.25,585.07,0.2641,0,1498.12
2024-07-19,2024,7,Friday,4,False,96,567.14,416.18,205.21,1831.56,430.58,0.2352,0,1088.93
2024-07-20,2024,7,Saturday,5,True,96,413.05,417.82,29.88,1034.28,257.67,0.2637,0,750.91
2024-07-21,2024,7,Sunday,6,True,96,302.99,355.81,-19.04,766.9,233.92,0.2994,20,642.74
2024-07-22,2024,7,Monday,0,False,96,542.3,427.15,312.11,1432.8,271.61,0.2356,0,672.75
2024-07-23,2024,7,Tuesday,1,False,96,536.35,428.68,337.61,1313.7,261.21,0.2308,0,653.25
2024-07-24,2024,7,Wednesday,2,False,96,504.4,458.63,381.26,812.93,120.79,0.1833,0,318.81
2024-07-25,2024,7,Thursday,3,False,96,505.05,420.44,319.04,981.53,182.47,0.2351,0,487.11
2024-07-26,2024,7,Friday,4,False,96,484.36,436.98,325.4,881.56,139.94,0.2189,0,378.24
2024-07-27,2024,7,Saturday,5,True,96,456.64,441.86,348.14,680.3,86.23,0.1993,0,237.78
2024-07-28,2024,7,Sunday,6,True,96,227.68,351.79,-214.16,490.48,226.75,0.3623,28,567.43
2024-07-29,2024,7,Monday,0,False,96,277.23,301.95,-35.82,697.47,214.18,0.5062,20,593.91
2024-07-30,2024,7,Tuesday,1,False,96,368.83,383.14,6.8,871.3,214.9,0.3178,0,615.13
2024-07-31,2024,7,Wednesday,2,False,96,380.1,398.51,70.52,776.47,173.34,0.2583,0,493.89
2024-08-01,2024,8,Thursday,3,False,96,418.58,405.24,232.06,743.76,123.9,0.2319,0,347.25
2024-08-02,2024,8,Friday,4,False,96,463.22,449.71,376.26,671.13,76.28,0.1832,0,198.02
2024-08-03,2024,8,Saturday,5,True,96,448.01,458.02,297.22,579.83,72.8,0.2171,0,204.26
2024-08-04,2024,8,Sunday,6,True,96,334.46,389.21,31.7,494.75,147.62,0.2357,0,402.11
2024-08-05,2024,8,Monday,0,False,96,445.13,411.52,300.25,796.69,119.54,0.2329,0,318.57
2024-08-06,2024,8,Tuesday,1,False,96,474.87,457.52,300.75,968.83,154.46,0.2079,0,404.13
2024-08-07,2024,8,Wednesday,2,False,96,433.12,430.32,150.71,831.47,167.18,0.2404,0,471.82
2024-08-08,2024,8,Thursday,3,False,96,480.3,433.92,387.6,878.14,119.79,0.1958,0,284.12
2024-08-09,2024,8,Friday,4,False,96,360.76,388.08,40.92,592.94,157.84,0.2668,0,455.34
2024-08-10,2024,8,Saturday,5,True,96,236.84,387.9,-254.65,565.7,270.44,0.3506,28,703.57
2024-08-11,2024,8,Sunday,6,True,96,192.54,276.05,-318.75,612.01,300.26,0.4174,32,799.55
2024-08-12,2024,8,Monday,0,False,96,392.53,401.94,17.0,942.54,243.81,0.3056,0,687.91
2024-08-13,2024,8,Tuesday,1,False,96,401.72,418.42,23.57,897.35,228.01,0.3076,0,639.66
2024-08-14,2024,8,Wednesday,2,False,96,425.24,423.29,136.86,912.08,197.75,0.4264,0,552.41
2024-08-15,2024,8,Thursday,3,False,96,373.18,430.92,-26.34,856.59,240.34,0.3544,8,690.49
2024-08-16,2024,8,Friday,4,False,96,451.2,414.49,95.77,1084.49,239.25,0.2424,0,678.79
2024-08-17,2024,8,Saturday,5,True,96,467.86,475.24,228.44,885.86,159.65,0.2231,0,455.07
2024-08-18,2024,8,Sunday,6,True,96,398.42,422.27,172.77,608.19,110.29,0.2572,0,314.87
2024-08-19,2024,8,Monday,0,False,96,549.47,462.62,393.94,1268.68,217.64,0.2251,0,515.87
2024-08-20,2024,8,Tuesday,1,False,96,562.76,457.1,375.36,1409.15,263.15,0.1853,0,619.73
2024-08-21,2024,8,Wednesday,2,False,96,470.0,437.74,374.38,697.91,85.06,0.2377,0,230.03
2024-08-22,2024,8,Thursday,3,False,96,481.72,409.34,261.78,1136.58,209.76,0.2406,0,546.05
2024-08-23,2024,8,Friday,4,False,96,366.57,403.1,4.19,684.77,181.28,0.3696,0,514.97
2024-08-24,2024,8,Saturday,5,True,96,358.62,419.81,-118.15,853.56,270.01,0.3409,20,769.32
2024-08-25,2024,8,Sunday,6,True,96,211.58,69.38,-202.97,1105.58,385.74,0.4086,32,1061.58
2024-08-26,2024,8,Monday,0,False,96,550.04,454.96,381.28,1301.25,231.85,0.1824,0,548.67
2024-08-27,2024,8,Tuesday,1,False,96,510.47,440.64,204.48,1201.78,250.35,0.2623,0,661.54
2024-08-28,2024,8,Wednesday,2,False,96,435.28,396.56,31.31,1106.87,266.57,0.3266,0,738.88
2024-08-29,2024,8,Thursday,3,False,96,533.03,414.47,70.08,1645.52,391.23,0.2865,0,1017.27
2024-08-30,2024,8,Friday,4,False,96,634.12,479.16,286.55,1886.38,426.78,0.2388,0,1018.18
2024-08-31,2024,8,Saturday,5,True,96,415.52,450.86,0.03,895.99,232.43,0.2562,0,682.02
2024-09-01,2024,9,Sunday,6,True,96,312.85,397.28,-195.16,723.21,263.98,0.2736,16,743.35
2024-09-02,2024,9,Monday,0,False,96,599.79,497.68,299.1,1620.88,326.11,0.2521,0,798.59
2024-09-03,2024,9,Tuesday,1,False,96,660.34,486.66,287.79,2099.25,461.27,0.3126,0,1107.49
2024-09-04,2024,9,Wednesday,2,False,96,600.26,455.94,323.03,1798.22,359.24,0.3606,0,854.72
2024-09-05,2024,9,Thursday,3,False,96,394.46,384.46,29.66,1112.09,251.18,0.4086,0,702.07
2024-09-06,2024,9,Friday,4,False,96,390.92,371.68,35.99,1106.0,232.51,0.4131,0,634.85
2024-09-07,2024,9,Saturday,5,True,96,336.18,387.7,-11.41,693.85,198.21,0.3941,4,578.72
2024-09-08,2024,9,Sunday,6,True,96,278.4,340.84,-59.67,637.48,209.09,0.4695,16,580.85
2024-09-09,2024,9,Monday,0,False,96,456.93,424.17,330.22,744.44,109.74,0.3739,0,291.58
2024-09-10,2024,9,Tuesday,1,False,96,576.54,447.3,378.15,1693.84,299.5,0.1646,0,664.07
2024-09-11,2024,9,Wednesday,2,False,96,481.04,429.04,235.96,1401.92,253.86,0.2697,0,614.5
2024-09-12,2024,9,Thursday,3,False,96,615.21,465.56,383.6,1693.1,310.85,0.1073,0,739.52
2024-09-13,2024,9,Friday,4,False,96,446.23,442.6,279.5,664.23,78.88,0.2109,0,212.85
2024-09-14,2024,9,Saturday,5,True,96,259.54,248.65,81.07,478.28,106.21,0.4594,0,295.51
2024-09-15,2024,9,Sunday,6,True,96,263.13,265.14,-1.77,565.24,171.61,0.4156,8,495.3
2024-09-16,2024,9,Monday,0,False,96,464.65,421.88,350.02,711.89,106.74,0.2933,0,275.02
2024-09-17,2024,9,Tuesday,1,False,96,474.34,395.21,208.35,1130.24,212.1,0.2701,0,557.44
2024-09-18,2024,9,Wednesday,2,False,96,433.95,405.16,89.53,861.63,184.2,0.2344,0,518.66
2024-09-19,2024,9,Thursday,3,False,96,383.66,389.56,-6.01,788.1,196.92,0.2645,4,573.51
2024-09-20,2024,9,Friday,4,False,96,380.39,380.4,-33.22,799.86,204.34,0.3033,8,598.97
2024-09-21,2024,9,Saturday,5,True,96,375.59,409.68,-6.7,896.96,230.39,0.2406,12,653.45
2024-09-22,2024,9,Sunday,6,True,96,343.6,385.16,-32.02,907.89,237.07,0.2688,12,668.54
2024-09-23,2024,9,Monday,0,False,96,514.96,413.36,298.52,1343.03,243.79,0.2353,0,593.36
2024-09-24,2024,9,Tuesday,1,False,96,400.94,376.09,251.72,654.13,110.86,0.3308,0,317.07
2024-09-25,2024,9,Wednesday,2,False,96,338.54,323.37,66.45,842.7,187.81,0.3322,0,502.58
2024-09-26,2024,9,Thursday,3,False,96,291.25,300.18,74.05,433.84,99.53,0.3277,0,284.8
2024-09-27,2024,9,Friday,4,False,96,192.5,187.01,-37.36,468.43,166.15,0.4211,16,427.92
2024-09-28,2024,9,Saturday,5,True,96,161.08,23.28,-7.16,512.2,195.33,0.3986,16,470.51
2024-09-29,2024,9,Sunday,6,True,96,276.97,302.4,-2.88,747.02,196.83,0.3058,16,552.02
2024-09-30,2024,9,Monday,0,False,96,433.06,330.76,84.61,1004.89,233.04,0.2585,0,635.42
2024-10-01,2024,10,Tuesday,1,False,96,500.26,404.1,226.18,1331.47,273.96,0.2565,0,690.47
2024-10-02,2024,10,Wednesday,2,False,96,476.28,424.92,337.18,754.05,135.1,0.1132,0,353.58
2024-10-03,2024,10,Thursday,3,False,96,611.36,565.93,372.1,1137.88,211.04,0.1139,0,557.85
2024-10-04,2024,10,Friday,4,False,96,536.87,501.9,373.95,844.42,138.1,0.1222,0,374.21
2024-10-05,2024,10,Saturday,5,True,96,510.85,489.91,403.63,783.34,89.0,0.1119,0,229.83
2024-10-06,2024,10,Sunday,6,True,96,459.99,422.24,361.54,821.98,109.21,0.069,0,268.11
2024-10-07,2024,10,Monday,0,False,96,555.85,417.81,349.76,1326.7,269.91,0.1563,0,669.25
2024-10-08,2024,10,Tuesday,1,False,96,431.95,403.53,253.43,736.44,122.12,0.2552,0,345.01
2024-10-09,2024,10,Wednesday,2,False,96,431.04,404.57,342.82,635.78,79.75,0.2338,0,209.8
2024-10-10,2024,10,Thursday,3,False,96,272.48,276.9,35.87,497.8,129.08,0.3986,0,341.44
2024-10-11,2024,10,Friday,4,False,96,422.03,392.03,280.42,726.91,114.94,0.2694,0,309.79
2024-10-12,2024,10,Saturday,5,True,96,412.45,442.22,132.14,715.84,152.47,0.2702,0,435.85
2024-10-13,2024,10,Sunday,6,True,96,55.33,-0.06,-28.09,267.94,99.26,0.4169,48,249.76
2024-10-14,2024,10,Monday,0,False,96,432.21,412.1,38.95,999.33,229.62,0.3406,0,650.49
2024-10-15,2024,10,Tuesday,1,False,96,556.98,427.68,349.52,1123.83,224.79,0.1461,0,570.92
2024-10-16,2024,10,Wednesday,2,False,96,345.74,378.0,3.2,791.99,210.95,0.2985,0,592.48
2024-10-17,2024,10,Thursday,3,False,96,244.07,254.97,-21.14,649.44,216.22,0.4806,8,546.29
2024-10-18,2024,10,Friday,4,False,96,411.89,361.82,209.92,779.64,151.33,0.3841,0,414.76
2024-10-19,2024,10,Saturday,5,True,96,304.46,313.62,41.08,554.0,129.41,0.4309,0,377.88
2024-10-20,2024,10,Sunday,6,True,96,235.77,263.93,-1.76,432.22,138.53,0.3646,8,390.26
2024-10-21,2024,10,Monday,0,False,96,428.93,390.63,84.11,1161.18,280.38,0.262,0,778.22
2024-10-22,2024,10,Tuesday,1,False,96,509.84,433.14,305.12,913.98,186.47,0.2634,0,489.73
2024-10-23,2024,10,Wednesday,2,False,96,546.52,435.24,353.64,1153.36,234.86,0.2161,0,597.68
2024-10-24,2024,10,Thursday,3,False,96,544.86,428.47,331.74,1079.15,229.8,0.1658,0,596.38
2024-10-25,2024,10,Friday,4,False,96,553.35,450.2,318.78,1077.96,220.58,0.2233,0,586.73
2024-10-26,2024,10,Saturday,5,True,96,501.81,446.55,321.14,866.98,141.48,0.1419,0,380.31
2024-10-27,2024,10,Sunday,6,True,100,415.64,396.64,278.35,603.91,88.26,0.2111,0,252.24
2024-10-28,2024,10,Monday,0,False,96,578.32,493.02,382.29,1129.2,210.37,0.1575,0,553.66
2024-10-29,2024,10,Tuesday,1,False,96,627.47,550.07,414.21,1139.82,208.69,0.0874,0,559.99
2024-10-30,2024,10,Wednesday,2,False,96,543.8,500.68,419.64,835.54,121.91,0.2164,0,325.33
2024-10-31,2024,10,Thursday,3,False,96,431.47,422.0,166.0,580.28,92.96,0.2913,0,251.67
2024-11-01,2024,11,Friday,4,False,96,133.47,77.03,-19.82,342.5,116.36,0.5713,4,306.9
2024-11-02,2024,11,Saturday,5,True,96,428.89,409.38,231.56,695.15,131.14,0.3734,0,363.21
2024-11-03,2024,11,Sunday,6,True,96,369.45,379.71,154.23,540.29,101.27,0.3723,0,296.91
2024-11-04,2024,11,Monday,0,False,96,626.55,501.74,375.48,1420.07,294.01,0.1507,0,773.74
2024-11-05,2024,11,Tuesday,1,False,96,639.18,480.4,401.8,1638.79,341.38,0.1082,0,849.31
2024-11-06,2024,11,Wednesday,2,False,96,885.22,528.06,438.21,2749.45,664.03,0.0649,0,1630.33
2024-11-07,2024,11,Thursday,3,False,96,772.4,557.66,428.12,2165.63,452.42,0.034,0,1111.55
2024-11-08,2024,11,Friday,4,False,96,539.98,501.01,435.62,789.51,101.45,0.0494,0,267.88
2024-11-09,2024,11,Saturday,5,True,96,500.14,476.76,432.48,667.58,72.3,0.0692,0,192.79
2024-11-10,2024,11,Sunday,6,True,96,478.35,447.26,419.41,645.66,68.65,0.0386,0,177.98
2024-11-11,2024,11,Monday,0,False,96,531.31,516.19,418.27,755.35,96.56,0.027,0,269.29
2024-11-12,2024,11,Tuesday,1,False,96,740.97,682.76,435.28,1598.51,291.55,0.0102,0,768.24
2024-11-13,2024,11,Wednesday,2,False,96,758.92,830.4,452.82,1117.33,233.87,0.0253,0,606.51
2024-11-14,2024,11,Thursday,3,False,96,555.74,586.55,414.17,677.44,84.67,0.1547,0,226.99
2024-11-15,2024,11,Friday,4,False,96,521.75,550.18,389.45,665.73,80.16,0.1797,0,207.95
2024-11-16,2024,11,Saturday,5,True,96,371.67,367.8,190.77,486.93,63.72,0.3401,0,173.51
2024-11-17,2024,11,Sunday,6,True,96,175.13,185.14,16.02,376.52,124.41,0.4254,0,326.17
2024-11-18,2024,11,Monday,0,False,96,386.87,434.95,24.56,687.22,214.95,0.3498,0,622.34
2024-11-19,2024,11,Tuesday,1,False,96,521.92,576.1,358.67,663.97,100.49,0.284,0,254.47
2024-11-20,2024,11,Wednesday,2,False,96,509.42,536.56,244.72,695.56,138.06,0.2944,0,389.7
2024-11-21,2024,11,Thursday,3,False,96,506.83,499.2,349.79,692.21,100.31,0.2607,0,284.86
2024-11-22,2024,11,Friday,4,False,96,619.15,621.95,435.56,889.97,133.78,0.1683,0,356.5
2024-11-23,2024,11,Saturday,5,True,96,398.06,375.2,328.18,520.74,66.05,0.3317,0,174.04
2024-11-24,2024,11,Sunday,6,True,96,251.3,318.35,37.09,405.08,137.77,0.3593,0,347.56
2024-11-25,2024,11,Monday,0,False,96,313.84,356.1,-6.95,593.18,194.95,0.3861,16,546.02
2024-11-26,2024,11,Tuesday,1,False,96,645.15,604.79,290.89,1294.46,262.67,0.1725,0,737.43
2024-11-27,2024,11,Wednesday,2,False,96,697.02,655.12,419.64,1230.57,230.17,0.132,0,616.84
2024-11-28,2024,11,Thursday,3,False,96,511.06,544.36,227.84,719.71,145.43,0.2419,0,405.62
2024-11-29,2024,11,Friday,4,False,96,635.16,623.75,435.77,964.75,153.27,0.1354,0,430.28
2024-11-30,2024,11,Saturday,5,True,96,575.75,577.18,452.44,747.35,86.74,0.1254,0,234.52
2024-12-01,2024,12,Sunday,6,True,96,477.03,451.77,396.76,621.14,72.91,0.2079,0,200.51
2024-12-02,2024,12,Monday,0,False,96,504.67,492.62,302.42,765.49,133.44,0.227,0,372.0
2024-12-03,2024,12,Tuesday,1,False,96,681.0,655.48,428.51,1042.23,192.25,0.1059,0,540.01
2024-12-04,2024,12,Wednesday,2,False,96,759.98,838.5,494.92,1072.5,197.2,0.032,0,494.41
2024-12-05,2024,12,Thursday,3,False,96,715.22,696.18,368.63,1103.23,238.01,0.0887,0,603.86
2024-12-06,2024,12,Friday,4,False,96,468.76,528.56,147.19,646.43,166.71,0.2632,0,455.33
2024-12-07,2024,12,Saturday,5,True,96,542.46,539.08,388.9,683.94,90.08,0.1429,0,237.12
2024-12-08,2024,12,Sunday,6,True,96,467.37,470.12,343.85,640.95,89.99,0.1195,0,251.84
2024-12-09,2024,12,Monday,0,False,96,493.36,548.74,332.74,650.17,97.88,0.212,0,251.39
2024-12-10,2024,12,Tuesday,1,False,96,630.41,660.52,379.58,911.67,167.7,0.0809,0,462.18
2024-12-11,2024,12,Wednesday,2,False,96,790.99,814.62,475.9,1338.53,254.52,0.0384,0,665.8
2024-12-12,2024,12,Thursday,3,False,96,815.82,770.94,466.3,1455.01,300.95,0.0512,0,783.53
2024-12-13,2024,12,Friday,4,False,96,664.24,621.49,475.5,1064.33,172.7,0.0943,0,465.4
2024-12-14,2024,12,Saturday,5,True,96,406.58,439.3,81.95,485.39,93.5,0.2545,0,222.33
2024-12-15,2024,12,Sunday,6,True,96,165.45,203.74,0.82,331.42,132.59,0.4519,0,314.07
2024-12-16,2024,12,Monday,0,False,96,249.98,357.49,-41.92,403.81,179.25,0.4248,20,433.08
2024-12-17,2024,12,Tuesday,1,False,96,328.12,423.04,-27.43,517.1,198.82,0.3862,20,525.02
2024-12-18,2024,12,Wednesday,2,False,96,440.24,428.4,35.86,912.16,208.65,0.2823,0,582.7
2024-12-19,2024,12,Thursday,3,False,96,253.97,329.89,-9.13,403.92,149.42,0.3933,8,385.04
2024-12-20,2024,12,Friday,4,False,96,290.23,340.4,16.94,451.66,156.52,0.3914,0,416.21
2024-12-21,2024,12,Saturday,5,True,96,277.49,327.3,8.64,378.29,94.13,0.3574,0,235.4
2024-12-22,2024,12,Sunday,6,True,96,228.71,302.42,-17.83,433.93,187.58,0.3145,24,445.64
2024-12-23,2024,12,Monday,0,False,96,503.98,524.1,277.15,720.89,139.25,0.1142,0,393.61
2024-12-24,2024,12,Tuesday,1,False,96,441.0,444.63,369.24,523.14,46.58,0.0393,0,121.47
2024-12-25,2024,12,Wednesday,2,False,96,402.21,386.84,313.42,484.33,56.69,0.1714,0,154.85
2024-12-26,2024,12,Thursday,3,False,96,459.16,453.96,356.92,576.56,66.27,0.1312,0,191.81
2024-12-27,2024,12,Friday,4,False,96,552.72,539.62,447.96,711.23,81.53,0.0383,0,228.92
2024-12-28,2024,12,Saturday,5,True,96,511.02,504.35,434.61,618.81,54.67,0.0362,0,154.65
2024-12-29,2024,12,Sunday,6,True,96,422.26,419.06,265.47,527.86,52.96,0.1852,0,139.91
2024-12-30,2024,12,Monday,0,False,96,283.58,361.11,37.71,449.27,144.71,0.3819,0,374.19
2024-12-31,2024,12,Tuesday,1,False,96,200.51,279.66,-5.24,409.75,156.64,0.4033,12,386.22
2025-01-01,2025,1,Wednesday,2,False,96,-47.62,-17.6,-282.14,59.24,102.29,0.4509,60,282.21
2025-01-02,2025,1,Thursday,3,False,96,328.04,428.78,-64.55,611.04,235.38,0.3768,24,628.66
2025-01-03,2025,1,Friday,4,False,96,386.03,381.76,259.27,475.65,64.47,0.3657,0,178.15
2025-01-04,2025,1,Saturday,5,True,96,490.16,525.81,248.8,761.95,135.91,0.3068,0,385.94
2025-01-05,2025,1,Sunday,6,True,96,404.35,421.61,173.99,497.92,70.75,0.2192,0,182.65
2025-01-06,2025,1,Monday,0,False,96,237.08,250.28,78.04,380.29,94.76,0.4187,0,255.45
2025-01-07,2025,1,Tuesday,1,False,96,365.23,438.58,67.94,572.72,170.61,0.3262,0,456.04
2025-01-08,2025,1,Wednesday,2,False,96,441.37,468.46,195.82,635.75,137.05,0.2929,0,393.03
2025-01-09,2025,1,Thursday,3,False,96,537.23,570.48,367.41,700.5,96.12,0.2186,0,252.06
2025-01-10,2025,1,Friday,4,False,96,451.68,477.34,216.88,605.04,115.03,0.3372,0,320.2
2025-01-11,2025,1,Saturday,5,True,96,415.96,422.6,315.93,495.5,53.39,0.4193,0,154.96
2025-01-12,2025,1,Sunday,6,True,96,443.04,438.64,332.74,568.54,77.03,0.3767,0,214.52
2025-01-13,2025,1,Monday,0,False,96,581.99,591.41,423.47,911.96,124.68,0.1444,0,329.52
2025-01-14,2025,1,Tuesday,1,False,96,515.88,495.62,411.62,673.66,75.35,0.2667,0,209.64
2025-01-15,2025,1,Wednesday,2,False,96,859.44,947.2,450.84,1376.29,313.16,0.1,0,803.19
2025-01-16,2025,1,Thursday,3,False,96,617.81,601.88,482.74,818.23,107.24,0.1441,0,286.1
2025-01-17,2025,1,Friday,4,False,96,596.62,561.67,465.65,844.28,107.8,0.181,0,287.65
2025-01-18,2025,1,Saturday,5,True,96,559.06,529.71,479.89,715.22,72.81,0.1534,0,193.14
2025-01-19,2025,1,Sunday,6,True,96,532.58,513.04,451.56,660.53,57.6,0.0658,0,161.88
2025-01-20,2025,1,Monday,0,False,96,643.45,625.77,490.29,868.96,119.49,0.1415,0,328.33
2025-01-21,2025,1,Tuesday,1,False,96,670.67,617.44,485.14,988.24,156.87,0.0607,0,427.19
2025-01-22,2025,1,Wednesday,2,False,96,595.59,542.05,451.07,944.0,120.87,0.0655,0,313.96
2025-01-23,2025,1,Thursday,3,False,96,472.58,467.25,397.88,621.82,57.07,0.2398,0,156.6
2025-01-24,2025,1,Friday,4,False,96,454.68,456.44,275.75,608.25,81.01,0.255,0,221.97
2025-01-25,2025,1,Saturday,5,True,96,434.65,416.86,320.73,584.34,86.36,0.329,0,235.41
2025-01-26,2025,1,Sunday,6,True,96,468.58,464.64,391.57,545.91,40.51,0.2135,0,114.43
2025-01-27,2025,1,Monday,0,False,96,412.07,395.28,288.28,525.78,77.29,0.3114,0,209.53
2025-01-28,2025,1,Tuesday,1,False,96,492.18,505.29,345.78,622.9,85.46,0.195,0,233.2
2025-01-29,2025,1,Wednesday,2,False,96,452.12,428.82,332.55,606.3,89.54,0.2835,0,245.34
2025-01-30,2025,1,Thursday,3,False,96,552.77,543.17,397.63,751.48,108.93,0.2491,0,304.97
2025-01-31,2025,1,Friday,4,False,96,577.57,545.78,469.26,747.33,87.4,0.2199,0,229.57
2025-02-01,2025,2,Saturday,5,True,96,562.16,539.41,483.42,701.13,66.49,0.1451,0,179.83
2025-02-02,2025,2,Sunday,6,True,96,567.78,547.05,498.4,704.89,66.06,0.0762,0,178.49
2025-02-03,2025,2,Monday,0,False,96,648.1,575.82,507.54,969.19,143.75,0.092,0,364.73
2025-02-04,2025,2,Tuesday,1,False,96,611.18,553.16,468.36,869.25,122.11,0.1222,0,323.27
2025-02-05,2025,2,Wednesday,2,False,96,588.92,557.92,479.93,750.01,97.43,0.1505,0,253.78
2025-02-06,2025,2,Thursday,3,False,96,651.71,637.9,513.63,946.72,110.29,0.0742,0,289.97
2025-02-07,2025,2,Friday,4,False,96,547.37,512.62,432.19,746.04,80.83,0.1988,0,216.71
2025-02-08,2025,2,Saturday,5,True,96,462.98,407.48,290.83,664.21,117.66,0.3618,0,315.69
2025-02-09,2025,2,Sunday,6,True,96,526.02,519.1,381.23,662.99,74.37,0.1985,0,214.24
2025-02-10,2025,2,Monday,0,False,96,530.67,496.95,385.37,722.68,95.86,0.202,0,260.2
2025-02-11,2025,2,Tuesday,1,False,96,530.22,511.45,339.83,729.61,111.52,0.2093,0,300.43
2025-02-12,2025,2,Wednesday,2,False,96,572.74,554.41,410.58,761.27,93.59,0.1961,0,250.11
2025-02-13,2025,2,Thursday,3,False,96,698.0,689.86,524.47,957.33,125.06,0.0972,0,341.92
2025-02-14,2025,2,Friday,4,False,96,748.03,679.78,516.39,1250.04,200.16,0.1186,0,538.18
2025-02-15,2025,2,Saturday,5,True,96,569.23,553.37,469.21,747.75,74.72,0.1116,0,199.97
2025-02-16,2025,2,Sunday,6,True,96,548.19,518.07,439.44,810.41,99.24,0.1382,0,269.88
2025-02-17,2025,2,Monday,0,False,96,638.84,555.02,412.68,1136.36,196.25,0.1853,0,516.52
2025-02-18,2025,2,Tuesday,1,False,96,586.87,537.29,409.36,865.93,135.91,0.1715,0,372.79
2025-02-19,2025,2,Wednesday,2,False,96,593.99,521.47,393.56,970.16,183.54,0.1226,0,481.48
2025-02-20,2025,2,Thursday,3,False,96,469.71,454.16,309.32,676.64,93.81,0.225,0,265.49
2025-02-21,2025,2,Friday,4,False,96,442.13,430.52,308.08,666.02,108.93,0.3094,0,293.39
2025-02-22,2025,2,Saturday,5,True,96,345.6,369.79,34.73,478.14,122.4,0.374,0,339.95
2025-02-23,2025,2,Sunday,6,True,96,479.57,441.66,345.1,838.61,141.05,0.2177,0,377.25
2025-02-24,2025,2,Monday,0,False,96,529.87,465.75,342.18,886.23,141.41,0.1288,0,383.59
2025-02-25,2025,2,Tuesday,1,False,96,565.56,549.95,356.64,908.07,151.85,0.1497,0,431.84
2025-02-26,2025,2,Wednesday,2,False,96,580.29,538.84,470.07,759.48,96.07,0.0814,0,255.74
2025-02-27,2025,2,Thursday,3,False,96,575.03,535.07,447.31,785.52,105.09,0.072,0,276.85
2025-02-28,2025,2,Friday,4,False,96,559.46,532.26,456.33,741.46,92.92,0.0804,0,250.54
2025-03-01,2025,3,Saturday,5,True,96,520.53,510.2,472.27,626.86,39.67,0.1744,0,107.21
2025-03-02,2025,3,Sunday,6,True,96,380.14,398.64,112.05,565.59,126.48,0.2686,0,361.55
2025-03-03,2025,3,Monday,0,False,96,432.44,430.59,203.58,663.94,136.36,0.3597,0,380.09
2025-03-04,2025,3,Tuesday,1,False,96,401.53,422.12,-11.67,702.48,200.7,0.4229,8,586.78
2025-03-05,2025,3,Wednesday,2,False,96,272.41,314.29,-95.15,578.55,209.89,0.4575,20,585.87
2025-03-06,2025,3,Thursday,3,False,96,345.87,358.16,1.04,657.48,191.9,0.3607,0,560.82
2025-03-07,2025,3,Friday,4,False,96,464.39,445.89,63.62,858.4,197.88,0.1799,0,573.83
2025-03-08,2025,3,Saturday,5,True,96,391.92,471.6,-1.6,654.53,203.12,0.2371,8,577.16
2025-03-09,2025,3,Sunday,6,True,96,319.24,392.77,-2.64,560.31,187.89,0.3352,8,516.5
2025-03-10,2025,3,Monday,0,False,96,480.23,423.62,283.44,839.87,146.68,0.2652,0,407.79
2025-03-11,2025,3,Tuesday,1,False,96,526.36,469.83,401.22,861.23,127.77,0.1416,0,329.19
2025-03-12,2025,3,Wednesday,2,False,96,524.57,475.63,395.78,859.54,123.47,0.139,0,315.26
2025-03-13,2025,3,Thursday,3,False,96,515.18,487.1,415.84,644.79,76.02,0.1582,0,208.84
2025-03-14,2025,3,Friday,4,False,96,519.12,482.78,432.32,668.46,79.12,0.1008,0,211.26
2025-03-15,2025,3,Saturday,5,True,96,471.49,491.26,224.16,761.6,134.71,0.1921,0,384.13
2025-03-16,2025,3,Sunday,6,True,96,311.38,419.95,-57.4,549.93,204.83,0.3143,20,552.56
2025-03-17,2025,3,Monday,0,False,96,389.85,384.26,-20.09,745.44,202.47,0.3417,4,580.75
2025-03-18,2025,3,Tuesday,1,False,96,351.4,404.38,-133.39,714.45,252.09,0.311,20,713.41
2025-03-19,2025,3,Wednesday,2,False,96,415.76,450.01,-60.83,945.57,278.99,0.2863,20,813.51
2025-03-20,2025,3,Thursday,3,False,96,447.64,469.33,-3.25,1104.09,282.6,0.2727,8,820.18
2025-03-21,2025,3,Friday,4,False,96,423.92,487.5,1.88,752.38,215.67,0.259,0,632.39
2025-03-22,2025,3,Saturday,5,True,96,171.07,237.12,-272.48,428.69,228.17,0.464,28,590.17
2025-03-23,2025,3,Sunday,6,True,96,244.78,81.71,8.96,716.3,265.79,0.432,0,657.04
2025-03-24,2025,3,Monday,0,False,96,541.98,485.58,417.28,931.6,135.97,0.1151,0,345.48
2025-03-25,2025,3,Tuesday,1,False,96,467.11,463.51,204.33,796.63,146.33,0.2004,0,422.89
2025-03-26,2025,3,Wednesday,2,False,96,499.94,459.41,394.03,742.26,99.01,0.1669,0,259.73
2025-03-27,2025,3,Thursday,3,False,96,486.42,449.55,351.77,755.9,110.14,0.1338,0,295.77
2025-03-28,2025,3,Friday,4,False,96,378.9,451.7,-49.87,692.96,236.31,0.2811,20,668.59
2025-03-29,2025,3,Saturday,5,True,96,376.3,410.68,-9.32,615.47,194.25,0.3188,4,558.27
2025-03-30,2025,3,Sunday,6,True,92,319.45,387.39,-38.26,625.84,208.79,0.2187,16,588.27
2025-03-31,2025,3,Monday,0,False,96,480.3,419.64,348.48,831.88,136.21,0.1695,0,353.5
2025-04-01,2025,4,Tuesday,1,False,96,508.38,459.17,358.23,832.51,133.45,0.2613,0,357.35
2025-04-02,2025,4,Wednesday,2,False,96,341.65,424.42,-59.02,667.83,228.89,0.3521,20,635.97
2025-04-03,2025,4,Thursday,3,False,96,418.91,438.06,-24.92,968.59,275.54,0.295,16,790.25
2025-04-04,2025,4,Friday,4,False,96,391.26,453.24,-44.39,754.09,246.28,0.2601,16,715.83
2025-04-05,2025,4,Saturday,5,True,96,198.68,288.5,-234.67,441.64,230.17,0.3925,28,584.55
2025-04-06,2025,4,Sunday,6,True,96,175.07,215.9,-288.09,672.37,280.1,0.3924,32,795.11
2025-04-07,2025,4,Monday,0,False,96,480.81,428.18,295.62,843.27,163.82,0.2205,0,442.59
2025-04-08,2025,4,Tuesday,1,False,96,433.18,429.02,-15.1,947.68,254.24,0.3204,4,739.19
2025-04-09,2025,4,Wednesday,2,False,96,413.31,420.17,64.14,756.52,169.07,0.274,0,496.63
2025-04-10,2025,4,Thursday,3,False,96,390.87,388.16,3.38,843.24,220.33,0.3552,0,643.11
2025-04-11,2025,4,Friday,4,False,96,415.51,407.9,214.12,751.74,136.46,0.3011,0,385.37
2025-04-12,2025,4,Saturday,5,True,96,391.7,433.25,-43.45,946.3,237.28,0.2493,12,681.64
2025-04-13,2025,4,Sunday,6,True,96,187.81,290.39,-300.78,584.69,277.07,0.3857,28,768.16
2025-04-14,2025,4,Monday,0,False,96,480.37,405.24,222.68,1092.05,223.74,0.2234,0,583.04
2025-04-15,2025,4,Tuesday,1,False,96,353.46,389.81,13.46,572.84,158.12,0.3358,0,449.38
2025-04-16,2025,4,Wednesday,2,False,96,419.56,399.39,38.43,926.54,225.14,0.3051,0,626.24
2025-04-17,2025,4,Thursday,3,False,96,372.85,411.91,-36.45,603.61,186.14,0.403,8,531.21
2025-04-18,2025,4,Friday,4,False,96,397.26,390.38,188.75,667.87,115.0,0.2607,0,322.66
2025-04-19,2025,4,Saturday,5,True,96,402.62,450.54,1.99,639.77,181.31,0.2435,0,509.19
2025-04-20,2025,4,Sunday,6,True,96,262.81,431.22,-341.7,659.23,303.84,0.305,24,805.54
2025-04-21,2025,4,Monday,0,False,96,319.17,423.72,-82.59,604.84,215.76,0.2577,12,579.09
2025-04-22,2025,4,Tuesday,1,False,96,509.16,426.66,319.52,1111.16,192.04,0.2319,0,479.21
2025-04-23,2025,4,Wednesday,2,False,96,497.96,458.36,315.21,918.37,146.57,0.2183,0,400.1
2025-04-24,2025,4,Thursday,3,False,96,433.74,417.28,327.89,619.08,73.48,0.2389,0,203.31
2025-04-25,2025,4,Friday,4,False,96,414.33,403.7,326.57,539.75,57.26,0.3142,0,161.39
2025-04-26,2025,4,Saturday,5,True,96,261.42,405.8,-113.88,499.58,215.19,0.3791,24,525.56
2025-04-27,2025,4,Sunday,6,True,96,201.87,394.47,-458.03,567.06,328.96,0.3595,32,850.14
2025-04-28,2025,4,Monday,0,False,96,339.69,383.16,-25.27,858.92,233.85,0.2937,20,655.31
2025-04-29,2025,4,Tuesday,1,False,96,317.9,373.18,-29.85,780.78,222.98,0.336,20,604.99
2025-04-30,2025,4,Wednesday,2,False,96,311.8,392.48,-25.58,694.19,210.83,0.3114,20,562.08
2025-05-01,2025,5,Thursday,3,False,96,232.01,394.28,-428.79,652.24,316.73,0.3123,28,834.56
2025-05-02,2025,5,Friday,4,False,96,262.5,314.9,-65.47,628.23,209.93,0.4349,20,570.38
2025-05-03,2025,5,Saturday,5,True,96,280.84,396.46,-88.19,589.59,231.1,0.3236,28,603.44
2025-05-04,2025,5,Sunday,6,True,96,212.36,235.18,-55.32,484.08,198.64,0.4274,28,484.64
2025-05-05,2025,5,Monday,0,False,96,411.87,372.38,153.96,1104.9,207.32,0.2989,0,546.06
2025-05-06,2025,5,Tuesday,1,False,96,380.47,387.1,99.67,756.96,157.06,0.2687,0,445.31
2025-05-07,2025,5,Wednesday,2,False,96,423.88,412.93,228.93,678.05,112.82,0.3195,0,326.54
2025-05-08,2025,5,Thursday,3,False,96,452.08,412.94,269.17,911.58,138.2,0.2834,0,364.72
2025-05-09,2025,5,Friday,4,False,96,474.94,441.03,336.79,909.36,120.27,0.2258,0,308.16
2025-05-10,2025,5,Saturday,5,True,96,474.93,451.07,346.82,691.22,81.85,0.273,0,225.5
2025-05-11,2025,5,Sunday,6,True,96,272.68,395.22,-109.09,691.24,237.77,0.3134,28,609.02
2025-05-12,2025,5,Monday,0,False,96,385.07,357.72,11.26,1100.13,229.96,0.2861,0,631.7
2025-05-13,2025,5,Tuesday,1,False,96,424.58,432.78,11.22,1446.44,298.84,0.2836,0,797.0
2025-05-14,2025,5,Wednesday,2,False,96,375.26,430.69,-9.55,820.14,207.8,0.3493,8,586.48
2025-05-15,2025,5,Thursday,3,False,96,400.51,417.86,60.93,781.98,173.09,0.3338,0,485.86
2025-05-16,2025,5,Friday,4,False,96,414.4,398.58,261.19,693.83,102.38,0.4293,0,287.21
2025-05-17,2025,5,Saturday,5,True,96,476.68,468.27,402.1,643.14,65.9,0.4031,0,177.41
2025-05-18,2025,5,Sunday,6,True,96,410.74,393.58,269.25,583.86,77.29,0.3181,0,207.6
2025-05-19,2025,5,Monday,0,False,96,493.41,436.1,349.4,995.85,133.85,0.1958,0,311.32
2025-05-20,2025,5,Tuesday,1,False,96,408.2,461.79,0.27,929.01,239.39,0.3433,0,680.18
2025-05-21,2025,5,Wednesday,2,False,96,382.77,451.11,-47.76,1086.44,274.8,0.3542,20,748.82
2025-05-22,2025,5,Thursday,3,False,96,496.44,444.75,397.15,1048.1,138.43,0.2944,0,313.65
2025-05-23,2025,5,Friday,4,False,96,492.94,474.17,197.2,1177.56,204.93,0.3055,0,548.86
2025-05-24,2025,5,Saturday,5,True,96,406.14,474.96,32.8,826.4,201.52,0.2821,0,566.67
2025-05-25,2025,5,Sunday,6,True,96,306.58,423.16,-57.53,769.35,284.51,0.3822,28,704.59
2025-05-26,2025,5,Monday,0,False,96,498.18,399.86,320.3,1307.32,220.94,0.2561,0,510.05
2025-05-27,2025,5,Tuesday,1,False,96,414.38,453.9,3.21,1237.96,277.19,0.2773,0,758.27
2025-05-28,2025,5,Wednesday,2,False,96,514.14,469.18,310.44,1028.62,152.28,0.2771,0,396.28
2025-05-29,2025,5,Thursday,3,False,96,378.98,435.24,0.63,889.26,246.08,0.3723,0,658.09
2025-05-30,2025,5,Friday,4,False,96,481.82,456.37,395.29,758.15,81.93,0.2932,0,201.88
2025-05-31,2025,5,Saturday,5,True,96,374.75,490.78,-38.9,909.51,284.25,0.3119,24,736.04
2025-06-01,2025,6,Sunday,6,True,96,308.07,413.46,-30.64,525.02,215.39,0.3204,20,529.86
2025-06-02,2025,6,Monday,0,False,96,511.08,398.55,83.03,1864.27,391.1,0.2939,0,1005.37
2025-06-03,2025,6,Tuesday,1,False,96,483.75,434.98,217.12,1473.37,260.25,0.2249,0,622.63
2025-06-04,2025,6,Wednesday,2,False,96,376.49,432.62,-31.0,859.74,222.85,0.3697,8,627.7
2025-06-05,2025,6,Thursday,3,False,96,452.66,443.02,213.83,912.18,148.16,0.2673,0,408.57
2025-06-06,2025,6,Friday,4,False,96,339.89,443.34,-5.83,798.83,235.37,0.3436,8,622.65
2025-06-07,2025,6,Saturday,5,True,96,405.24,443.61,65.43,600.61,141.48,0.3152,0,385.61
2025-06-08,2025,6,Sunday,6,True,96,223.57,308.74,-28.53,468.34,185.05,0.4284,32,452.92
2025-06-09,2025,6,Monday,0,False,96,166.66,76.72,-71.34,790.49,245.46,0.4703,32,648.6
2025-06-10,2025,6,Tuesday,1,False,96,464.9,424.6,262.85,961.0,156.17,0.3228,0,413.28
2025-06-11,2025,6,Wednesday,2,False,96,363.72,408.33,5.12,863.38,223.12,0.3696,0,621.42
2025-06-12,2025,6,Thursday,3,False,96,341.87,424.62,-14.93,972.72,258.06,0.374,12,684.32
2025-06-13,2025,6,Friday,4,False,96,381.53,443.21,0.01,1016.7,247.49,0.3249,0,687.52
2025-06-14,2025,6,Saturday,5,True,96,323.09,450.4,-108.92,806.52,283.03,0.3509,24,738.48
2025-06-15,2025,6,Sunday,6,True,96,296.78,363.32,-62.06,825.28,277.01,0.402,28,743.37
2025-06-16,2025,6,Monday,0,False,96,431.12,410.12,230.43,754.11,130.79,0.3318,0,359.74
2025-06-17,2025,6,Tuesday,1,False,96,422.37,430.3,0.8,1290.01,351.78,0.4027,0,962.28
2025-06-18,2025,6,Wednesday,2,False,96,369.75,458.83,-1.09,928.31,260.54,0.4024,12,688.41
2025-06-19,2025,6,Thursday,3,False,96,142.11,329.88,-532.33,598.8,375.97,0.478,36,969.54
2025-06-20,2025,6,Friday,4,False,96,361.78,433.76,-24.65,1006.97,294.32,0.4447,16,779.82
2025-06-21,2025,6,Saturday,5,True,96,337.48,462.14,-87.46,752.3,275.71,0.4061,24,721.64
2025-06-22,2025,6,Sunday,6,True,96,206.31,333.78,-380.98,654.79,304.95,0.3962,32,816.89
2025-06-23,2025,6,Monday,0,False,96,296.12,354.4,0.46,537.55,174.8,0.4639,0,481.57
2025-06-24,2025,6,Tuesday,1,False,96,252.72,273.26,-29.37,657.53,223.13,0.4706,28,594.29
2025-06-25,2025,6,Wednesday,2,False,96,340.38,301.77,0.8,1041.79,285.9,0.4655,0,783.95
2025-06-26,2025,6,Thursday,3,False,96,528.04,473.56,169.43,1381.9,292.66,0.317,0,774.36
2025-06-27,2025,6,Friday,4,False,96,357.93,401.0,16.78,572.45,163.39,0.4071,0,450.21
2025-06-28,2025,6,Saturday,5,True,96,290.34,368.29,-1.61,598.72,209.25,0.4413,8,547.15
2025-06-29,2025,6,Sunday,6,True,96,216.43,304.72,-130.11,545.31,229.28,0.5225,28,590.74
2025-06-30,2025,6,Monday,0,False,96,401.3,397.64,-38.27,1177.38,301.29,0.4796,8,840.94
2025-07-01,2025,7,Tuesday,1,False,96,511.0,435.0,74.46,1660.49,388.78,0.3226,0,1038.94
2025-07-02,2025,7,Wednesday,2,False,96,503.38,444.56,21.75,1724.06,392.35,0.3207,0,1047.09
2025-07-03,2025,7,Thursday,3,False,96,393.58,402.34,49.08,856.93,205.47,0.4209,0,603.44
2025-07-04,2025,7,Friday,4,False,96,427.62,440.84,61.99,1002.94,216.08,0.2971,0,613.75
2025-07-05,2025,7,Saturday,5,True,96,334.8,427.94,-4.34,714.72,225.02,0.3586,16,590.69
2025-07-06,2025,7,Sunday,6,True,96,340.01,399.26,13.38,751.7,216.0,0.3566,0,598.7
2025-07-07,2025,7,Monday,0,False,96,543.15,453.46,383.0,1173.88,201.96,0.1928,0,487.85
2025-07-08,2025,7,Tuesday,1,False,96,489.8,437.84,410.09,770.58,97.72,0.1862,0,241.44
2025-07-09,2025,7,Wednesday,2,False,96,487.87,480.42,406.86,657.39,63.09,0.2454,0,171.13
2025-07-10,2025,7,Thursday,3,False,96,404.08,428.84,170.82,630.65,125.89,0.3975,0,358.01
2025-07-11,2025,7,Friday,4,False,96,458.28,455.94,388.42,577.15,49.09,0.3556,0,134.05
2025-07-12,2025,7,Saturday,5,True,96,463.42,453.21,396.48,538.79,42.48,0.274,0,113.59
2025-07-13,2025,7,Sunday,6,True,96,340.95,429.76,0.58,589.74,202.93,0.3248,0,544.95
2025-07-14,2025,7,Monday,0,False,96,511.63,442.43,265.89,1293.3,243.97,0.2477,0,613.24
2025-07-15,2025,7,Tuesday,1,False,96,454.14,435.76,232.77,917.47,168.09,0.2452,0,468.22
2025-07-16,2025,7,Wednesday,2,False,96,448.08,417.33,279.16,825.09,127.99,0.3206,0,348.93
2025-07-17,2025,7,Thursday,3,False,96,500.48,477.45,406.94,772.86,88.78,0.1905,0,233.97
2025-07-18,2025,7,Friday,4,False,96,468.26,437.59,349.13,727.46,94.4,0.1979,0,253.59
2025-07-19,2025,7,Saturday,5,True,96,380.01,416.16,111.29,599.42,138.02,0.2517,0,392.47
2025-07-20,2025,7,Sunday,6,True,96,329.11,416.94,-4.52,661.87,212.22,0.3241,12,569.8
2025-07-21,2025,7,Monday,0,False,96,459.73,425.46,345.95,735.17,100.96,0.2992,0,270.17
2025-07-22,2025,7,Tuesday,1,False,96,379.97,417.4,51.88,662.0,151.31,0.3312,0,429.02
2025-07-23,2025,7,Wednesday,2,False,96,405.53,406.14,146.78,769.02,154.31,0.2959,0,446.03
2025-07-24,2025,7,Thursday,3,False,96,470.86,417.68,308.02,931.59,151.69,0.2562,0,394.97
2025-07-25,2025,7,Friday,4,False,96,502.22,453.5,379.7,950.96,143.83,0.1793,0,364.1
2025-07-26,2025,7,Saturday,5,True,96,432.71,459.55,175.95,662.13,130.94,0.2212,0,378.0
2025-07-27,2025,7,Sunday,6,True,96,441.9,413.96,393.2,602.81,56.83,0.1957,0,141.71
2025-07-28,2025,7,Monday,0,False,96,444.96,429.32,386.96,556.78,48.4,0.3299,0,126.51
2025-07-29,2025,7,Tuesday,1,False,96,384.15,367.08,96.59,826.51,166.89,0.4046,0,479.87
2025-07-30,2025,7,Wednesday,2,False,96,405.73,402.05,158.42,835.99,158.29,0.2763,0,449.44
2025-07-31,2025,7,Thursday,3,False,96,443.13,425.52,295.01,714.66,94.56,0.2233,0,263.68
2025-08-01,2025,8,Friday,4,False,96,434.61,417.56,296.93,693.63,95.09,0.2301,0,266.96
2025-08-02,2025,8,Saturday,5,True,96,367.1,418.82,32.14,628.61,162.22,0.2811,0,460.51
2025-08-03,2025,8,Sunday,6,True,96,358.18,360.7,190.92,515.82,77.68,0.2495,0,218.66
2025-08-04,2025,8,Monday,0,False,96,423.05,373.38,320.28,794.81,118.64,0.2438,0,292.02
2025-08-05,2025,8,Tuesday,1,False,96,400.58,387.1,181.59,707.46,119.17,0.3127,0,339.13
2025-08-06,2025,8,Wednesday,2,False,96,321.07,393.43,-10.21,741.15,225.7,0.3562,20,599.77
2025-08-07,2025,8,Thursday,3,False,96,355.78,412.11,-3.63,743.47,204.58,0.2885,8,584.54
2025-08-08,2025,8,Friday,4,False,96,402.49,395.78,140.38,769.7,145.68,0.2749,0,420.02
2025-08-09,2025,8,Saturday,5,True,96,330.68,429.26,-27.69,654.65,215.45,0.2613,20,575.42
2025-08-10,2025,8,Sunday,6,True,96,183.05,333.08,-309.39,519.66,265.98,0.4192,32,699.58
2025-08-11,2025,8,Monday,0,False,96,372.82,396.27,0.01,1045.65,252.64,0.311,0,703.37
2025-08-12,2025,8,Tuesday,1,False,96,410.36,411.06,8.11,1222.36,272.11,0.2649,0,746.0
2025-08-13,2025,8,Wednesday,2,False,96,423.3,404.74,37.79,1160.14,260.9,0.3043,0,719.53
2025-08-14,2025,8,Thursday,3,False,96,465.73,416.98,164.1,1218.05,243.2,0.3405,0,630.97
2025-08-15,2025,8,Friday,4,False,96,326.99,407.23,-0.74,645.62,196.1,0.406,8,532.91
2025-08-16,2025,8,Saturday,5,True,96,280.64,370.34,-8.59,515.68,183.39,0.3915,20,464.34
2025-08-17,2025,8,Sunday,6,True,96,271.19,370.2,-12.37,495.3,188.94,0.3683,16,478.38
2025-08-18,2025,8,Monday,0,False,96,488.38,418.33,374.81,1153.87,183.4,0.2092,0,392.88
2025-08-19,2025,8,Tuesday,1,False,96,428.14,406.55,85.11,1061.0,209.88,0.2466,0,559.23
2025-08-20,2025,8,Wednesday,2,False,96,390.61,400.89,159.74,682.75,120.09,0.3032,0,338.18
2025-08-21,2025,8,Thursday,3,False,96,439.8,408.48,273.06,806.51,127.41,0.2448,0,335.68
2025-08-22,2025,8,Friday,4,False,96,340.25,400.5,35.5,516.06,146.99,0.3558,0,395.35
2025-08-23,2025,8,Saturday,5,True,96,320.38,381.69,10.09,541.39,171.89,0.3604,0,471.94
2025-08-24,2025,8,Sunday,6,True,96,254.83,371.14,-45.67,499.39,201.79,0.4959,24,492.8
2025-08-25,2025,8,Monday,0,False,96,369.15,375.09,14.93,867.38,197.17,0.3728,0,560.21
2025-08-26,2025,8,Tuesday,1,False,96,453.96,432.74,257.34,930.33,155.06,0.2494,0,410.89
2025-08-27,2025,8,Wednesday,2,False,96,460.39,431.0,239.32,943.04,163.79,0.2611,0,413.75
2025-08-28,2025,8,Thursday,3,False,96,462.79,425.12,287.89,851.28,138.59,0.3394,0,372.5
2025-08-29,2025,8,Friday,4,False,96,484.6,438.1,373.92,853.0,123.39,0.2257,0,312.57
2025-08-30,2025,8,Saturday,5,True,96,433.42,411.89,363.72,602.79,61.76,0.1952,0,163.57
2025-08-31,2025,8,Sunday,6,True,96,400.9,417.1,96.45,630.51,139.35,0.2236,0,410.62
2025-09-01,2025,9,Monday,0,False,96,447.14,395.36,231.99,933.8,168.9,0.2629,0,439.37
2025-09-02,2025,9,Tuesday,1,False,96,514.73,431.8,346.8,1157.2,196.95,0.2205,0,463.34
2025-09-03,2025,9,Wednesday,2,False,96,503.67,422.62,329.05,1165.1,200.23,0.2079,0,469.17
2025-09-04,2025,9,Thursday,3,False,96,531.21,431.6,153.63,1595.93,342.51,0.2771,0,880.09
2025-09-05,2025,9,Friday,4,False,96,475.75,431.38,297.64,854.08,137.35,0.2718,0,368.7
2025-09-06,2025,9,Saturday,5,True,96,474.44,446.98,416.04,736.97,74.3,0.1561,0,171.02
2025-09-07,2025,9,Sunday,6,True,96,406.28,388.26,151.36,725.0,141.44,0.1887,0,411.6
2025-09-08,2025,9,Monday,0,False,96,548.53,422.12,298.12,1657.17,329.65,0.2221,0,755.68
2025-09-09,2025,9,Tuesday,1,False,96,576.71,460.05,346.14,1559.95,275.96,0.2918,0,674.28
2025-09-10,2025,9,Wednesday,2,False,96,540.71,454.36,301.61,1350.76,232.05,0.3344,0,590.3
2025-09-11,2025,9,Thursday,3,False,96,504.09,436.47,363.67,1350.23,216.92,0.3,0,473.29
2025-09-12,2025,9,Friday,4,False,96,457.32,439.96,6.98,1179.46,254.74,0.2611,0,722.69
2025-09-13,2025,9,Saturday,5,True,96,508.03,458.05,408.47,800.97,105.72,0.2152,0,269.43
2025-09-14,2025,9,Sunday,6,True,96,439.89,426.73,368.47,617.27,55.4,0.1461,0,140.31
2025-09-15,2025,9,Monday,0,False,96,394.05,366.52,4.81,852.49,233.69,0.3124,0,696.55
2025-09-16,2025,9,Tuesday,1,False,96,318.82,344.2,24.57,690.17,184.13,0.3938,0,523.82
2025-09-17,2025,9,Wednesday,2,False,96,399.87,395.6,74.68,868.2,178.47,0.3875,0,509.47
2025-09-18,2025,9,Thursday,3,False,96,546.56,453.68,372.69,1445.25,233.15,0.314,0,532.63
2025-09-19,2025,9,Friday,4,False,96,438.48,385.64,42.86,1556.91,305.95,0.2926,0,768.04
2025-09-20,2025,9,Saturday,5,True,96,323.78,428.42,-24.12,597.29,208.08,0.404,16,539.39
2025-09-21,2025,9,Sunday,6,True,96,180.69,79.79,-43.27,545.0,203.83,0.4489,20,525.27
2025-09-22,2025,9,Monday,0,False,96,538.93,426.5,303.19,1711.1,296.11,0.2161,0,679.56
2025-09-23,2025,9,Tuesday,1,False,96,582.05,446.46,386.86,1783.05,296.56,0.1777,0,644.47
2025-09-24,2025,9,Wednesday,2,False,96,428.4,424.52,130.87,856.31,152.65,0.3203,0,429.94
2025-09-25,2025,9,Thursday,3,False,96,346.09,398.36,-73.24,681.77,197.84,0.3765,12,548.73
2025-09-26,2025,9,Friday,4,False,96,347.55,386.84,35.56,611.44,166.78,0.3774,0,475.19
2025-09-27,2025,9,Saturday,5,True,96,387.06,403.7,80.16,663.62,145.65,0.3815,0,424.87
2025-09-28,2025,9,Sunday,6,True,96,370.19,422.67,16.59,646.79,165.44,0.2764,0,465.1
2025-09-29,2025,9,Monday,0,False,96,559.88,418.26,375.63,1741.86,305.8,0.2081,0,670.52
2025-09-30,2025,9,Tuesday,1,False,96,605.12,472.82,414.89,1664.36,287.13,0.0964,0,648.76
2025-10-01,2025,10,Wednesday,2,False,96,576.79,435.24,357.74,1831.74,306.89,0.1609,0,687.41
2025-10-02,2025,10,Thursday,3,False,96,499.68,420.55,267.82,1224.22,198.72,0.1722,0,511.17
2025-10-03,2025,10,Friday,4,False,96,486.4,429.17,260.12,925.62,163.73,0.1659,0,451.58
2025-10-04,2025,10,Saturday,5,True,96,238.18,341.0,-9.4,488.44,174.51,0.4117,13,417.03
2025-10-05,2025,10,Sunday,6,True,96,114.29,5.34,-1.81,438.41,167.79,0.3897,25,403.78
2025-10-06,2025,10,Monday,0,False,96,382.8,405.15,74.88,779.91,165.11,0.2894,0,473.0
2025-10-07,2025,10,Tuesday,1,False,96,592.32,481.66,416.22,1275.29,223.43,0.1232,0,570.31
2025-10-08,2025,10,Wednesday,2,False,96,543.29,469.64,436.39,1057.69,146.32,0.1195,0,356.85
2025-10-09,2025,10,Thursday,3,False,96,481.48,452.78,346.18,737.89,80.96,0.1408,0,212.45
2025-10-10,2025,10,Friday,4,False,96,375.37,368.6,277.98,524.7,67.72,0.3813,0,184.3
2025-10-11,2025,10,Saturday,5,True,96,437.86,432.0,351.0,582.14,60.62,0.3514,0,171.25
2025-10-12,2025,10,Sunday,6,True,96,416.26,388.74,357.89,549.33,54.56,0.3085,0,142.56
2025-10-13,2025,10,Monday,0,False,96,561.39,463.08,370.67,1128.76,200.46,0.2546,0,524.65
2025-10-14,2025,10,Tuesday,1,False,96,673.78,539.01,451.47,1706.75,305.47,0.0938,0,726.51
2025-10-15,2025,10,Wednesday,2,False,96,637.87,516.86,451.75,1277.26,235.78,0.1126,0,603.15
2025-10-16,2025,10,Thursday,3,False,96,489.32,451.36,406.5,682.73,66.84,0.1787,0,174.32
2025-10-17,2025,10,Friday,4,False,96,505.41,452.22,419.72,710.96,86.69,0.171,0,224.29
2025-10-18,2025,10,Saturday,5,True,96,413.9,398.26,287.48,631.96,85.51,0.3605,0,237.94
2025-10-19,2025,10,Sunday,6,True,96,429.4,434.46,164.25,702.84,118.5,0.2288,0,346.06
2025-10-20,2025,10,Monday,0,False,96,397.3,399.3,80.33,845.32,145.19,0.3771,0,407.87
2025-10-21,2025,10,Tuesday,1,False,96,364.49,387.02,181.13,573.14,120.53,0.3391,0,320.68
2025-10-22,2025,10,Wednesday,2,False,96,570.72,480.71,390.83,1211.13,206.42,0.212,0,521.5
2025-10-23,2025,10,Thursday,3,False,96,482.87,455.96,339.95,792.36,96.01,0.2327,0,261.12
2025-10-24,2025,10,Friday,4,False,96,466.96,453.85,232.95,732.79,96.38,0.2489,0,269.71
2025-10-25,2025,10,Saturday,5,True,96,354.58,369.16,49.7,540.81,131.32,0.3614,0,358.37
2025-10-26,2025,10,Sunday,6,True,100,165.29,73.45,1.18,469.94,162.7,0.37,0,401.53
2025-10-27,2025,10,Monday,0,False,96,385.17,413.98,23.92,854.31,226.61,0.3295,0,665.03
2025-10-28,2025,10,Tuesday,1,False,96,397.87,415.16,151.63,628.52,123.83,0.3261,0,363.23
2025-10-29,2025,10,Wednesday,2,False,96,434.63,429.24,235.2,878.69,162.56,0.3337,0,452.46
2025-10-30,2025,10,Thursday,3,False,96,397.33,399.3,268.19,527.03,58.44,0.379,0,168.32
2025-10-31,2025,10,Friday,4,False,96,483.15,425.16,209.59,1182.21,213.05,0.2758,0,571.89
2025-11-01,2025,11,Saturday,5,True,96,297.25,336.33,34.79,505.0,122.05,0.3102,0,331.79
2025-11-02,2025,11,Sunday,6,True,96,446.0,440.38,286.83,581.06,66.08,0.1278,0,191.55
2025-11-03,2025,11,Monday,0,False,96,509.46,479.58,278.08,733.8,94.68,0.1221,0,247.52
2025-11-04,2025,11,Tuesday,1,False,96,490.96,434.01,302.54,964.87,172.24,0.2076,0,450.14
2025-11-05,2025,11,Wednesday,2,False,96,454.57,426.74,346.69,682.35,85.15,0.2322,0,228.7
2025-11-06,2025,11,Thursday,3,False,96,481.79,439.09,355.25,721.54,96.48,0.2368,0,263.24
2025-11-07,2025,11,Friday,4,False,96,481.76,436.57,374.01,822.93,115.56,0.2574,0,295.62
2025-11-08,2025,11,Saturday,5,True,96,487.31,444.86,413.29,702.19,81.48,0.1286,0,211.99
2025-11-09,2025,11,Sunday,6,True,96,469.47,444.37,413.39,640.26,59.42,0.03,0,158.86
2025-11-10,2025,11,Monday,0,False,96,596.31,560.49,402.02,990.24,169.6,0.0324,0,454.66
2025-11-11,2025,11,Tuesday,1,False,96,478.13,472.18,409.8,615.03,49.34,0.0599,0,132.81
2025-11-12,2025,11,Wednesday,2,False,96,486.92,435.68,259.08,837.29,121.89,0.1557,0,328.11
2025-11-13,2025,11,Thursday,3,False,96,301.68,362.61,61.73,489.59,140.18,0.3419,0,359.09
2025-11-14,2025,11,Friday,4,False,96,526.24,479.67,356.08,895.31,135.57,0.1733,0,370.29
2025-11-15,2025,11,Saturday,5,True,96,484.54,458.3,412.74,718.11,69.94,0.1618,0,177.99
2025-11-16,2025,11,Sunday,6,True,96,447.42,433.26,386.02,543.41,40.55,0.1527,0,113.45
2025-11-17,2025,11,Monday,0,False,96,510.18,519.6,354.91,707.5,105.71,0.1529,0,271.42
2025-11-18,2025,11,Tuesday,1,False,96,446.22,432.36,325.08,665.63,83.64,0.248,0,232.72
2025-11-19,2025,11,Wednesday,2,False,96,498.27,447.62,353.67,1060.68,144.44,0.2369,0,356.38
2025-11-20,2025,11,Thursday,3,False,96,544.5,525.64,400.04,850.0,111.25,0.204,0,294.27
2025-11-21,2025,11,Friday,4,False,96,650.7,605.76,404.34,1280.0,216.52,0.1993,0,581.38
2025-11-22,2025,11,Saturday,5,True,96,577.73,495.16,451.56,976.42,153.53,0.1245,0,379.88
2025-11-23,2025,11,Sunday,6,True,96,535.06,466.43,447.2,872.45,121.01,0.0735,0,297.44
2025-11-24,2025,11,Monday,0,False,96,731.39,761.58,419.21,1228.87,243.77,0.1283,0,648.6
2025-11-25,2025,11,Tuesday,1,False,96,1034.34,1203.23,451.6,1720.27,471.43,0.0734,0,1136.21
2025-11-26,2025,11,Wednesday,2,False,96,615.27,594.51,387.02,906.85,173.51,0.1671,0,433.02
2025-11-27,2025,11,Thursday,3,False,96,579.03,529.57,382.98,1096.24,176.56,0.1851,0,471.41
2025-11-28,2025,11,Friday,4,False,96,549.65,490.72,359.67,1074.75,169.65,0.1962,0,452.79
2025-11-29,2025,11,Saturday,5,True,96,545.88,490.9,437.1,879.84,120.11,0.0847,0,308.63
2025-11-30,2025,11,Sunday,6,True,96,477.55,472.59,439.96,543.53,31.24,0.0862,0,88.05
2025-12-01,2025,12,Monday,0,False,96,802.24,791.16,403.81,1465.31,300.36,0.0694,0,820.65
2025-12-02,2025,12,Tuesday,1,False,96,714.22,708.22,460.61,1217.0,212.39,0.1052,0,536.94
2025-12-03,2025,12,Wednesday,2,False,96,751.66,724.64,430.73,1514.16,288.94,0.0913,0,759.83
2025-12-04,2025,12,Thursday,3,False,96,645.89,651.97,438.05,1034.8,165.63,0.0895,0,432.72
2025-12-05,2025,12,Friday,4,False,96,592.6,596.19,403.12,861.09,139.56,0.1105,0,344.45
2025-12-06,2025,12,Saturday,5,True,96,508.8,491.96,440.38,689.96,53.49,0.1185,0,135.21
2025-12-07,2025,12,Sunday,6,True,96,450.08,440.03,405.34,527.53,30.31,0.1445,0,83.25
2025-12-08,2025,12,Monday,0,False,96,450.43,455.57,313.76,589.41,63.35,0.2253,0,179.01
2025-12-09,2025,12,Tuesday,1,False,96,505.78,525.17,297.77,747.62,121.32,0.1609,0,337.37
2025-12-10,2025,12,Wednesday,2,False,96,466.05,450.34,405.37,583.61,46.26,0.1681,0,123.79
2025-12-11,2025,12,Thursday,3,False,96,435.22,436.72,351.96,506.47,41.85,0.2615,0,121.52
2025-12-12,2025,12,Friday,4,False,96,533.22,503.04,375.37,924.99,129.2,0.1292,0,349.91
2025-12-13,2025,12,Saturday,5,True,96,448.49,451.6,331.74,505.64,33.16,0.1259,0,90.4
2025-12-14,2025,12,Sunday,6,True,96,406.2,423.86,327.58,457.88,37.3,0.2424,0,100.74
2025-12-15,2025,12,Monday,0,False,96,494.31,456.08,359.11,771.05,106.8,0.1711,0,284.57
2025-12-16,2025,12,Tuesday,1,False,96,547.38,514.48,422.84,856.81,113.09,0.1109,0,293.56
2025-12-17,2025,12,Wednesday,2,False,96,528.53,505.45,423.2,714.48,76.93,0.0972,0,205.26
2025-12-18,2025,12,Thursday,3,False,96,512.18,481.54,407.43,737.15,84.27,0.1388,0,222.94
2025-12-19,2025,12,Friday,4,False,96,426.48,447.04,285.45,549.93,68.12,0.2302,0,193.45
2025-12-20,2025,12,Saturday,5,True,96,502.55,487.23,425.77,681.81,66.83,0.0598,0,177.69
2025-12-21,2025,12,Sunday,6,True,96,479.71,471.2,444.29,556.75,27.55,0.0429,0,73.57
2025-12-22,2025,12,Monday,0,False,96,542.99,555.44,415.04,725.75,92.01,0.0944,0,234.04
2025-12-23,2025,12,Tuesday,1,False,96,474.82,473.35,402.88,541.54,35.53,0.139,0,97.47
2025-12-24,2025,12,Wednesday,2,False,96,362.0,358.99,220.52,484.68,77.37,0.1959,0,209.5
2025-12-25,2025,12,Thursday,3,False,96,412.49,427.93,235.64,485.71,63.63,0.1141,0,167.88
2025-12-26,2025,12,Friday,4,False,96,413.26,405.0,347.03,483.78,46.17,0.1291,0,120.16
2025-12-27,2025,12,Saturday,5,True,96,396.25,398.39,254.72,452.96,39.61,0.283,0,101.09
2025-12-28,2025,12,Sunday,6,True,96,313.59,308.52,118.1,468.29,97.23,0.4139,0,271.18
2025-12-29,2025,12,Monday,0,False,96,404.95,439.93,277.16,478.87,60.9,0.281,0,158.8
2025-12-30,2025,12,Tuesday,1,False,96,338.17,355.48,146.71,451.13,83.99,0.4219,0,234.93
2025-12-31,2025,12,Wednesday,2,False,96,427.32,446.33,300.09,568.6,76.04,0.2177,0,212.64
2026-01-01,2026,1,Thursday,3,False,96,139.43,115.33,-8.94,462.99,136.73,0.3898,17,371.23
2026-01-02,2026,1,Friday,4,False,96,251.23,305.13,-6.6,420.72,163.43,0.3971,24,418.16
2026-01-03,2026,1,Saturday,5,True,96,371.91,372.5,222.04,498.98,86.97,0.3997,0,245.69
2026-01-04,2026,1,Sunday,6,True,96,392.36,367.24,325.36,505.78,56.25,0.386,0,153.19
2026-01-05,2026,1,Monday,0,False,96,628.94,594.69,375.85,1027.15,204.2,0.1709,0,578.23
2026-01-06,2026,1,Tuesday,1,False,96,553.02,544.77,449.83,719.49,83.13,0.1096,0,218.26
2026-01-07,2026,1,Wednesday,2,False,96,866.51,885.26,400.87,1441.51,362.98,0.0704,0,932.71
2026-01-08,2026,1,Thursday,3,False,96,850.53,938.1,419.49,1299.75,313.02,0.0763,0,784.75
2026-01-09,2026,1,Friday,4,False,96,586.81,569.51,422.53,898.04,128.88,0.1358,0,334.24
2026-01-10,2026,1,Saturday,5,True,96,561.5,556.31,419.8,746.42,65.82,0.2051,0,176.95
2026-01-11,2026,1,Sunday,6,True,96,412.67,418.28,341.95,498.04,44.48,0.3408,0,125.8
2026-01-12,2026,1,Monday,0,False,96,1047.27,1182.9,380.79,1999.69,506.76,0.1208,0,1305.9
2026-01-13,2026,1,Tuesday,1,False,96,1180.76,1324.16,434.09,2118.76,616.13,0.0885,0,1532.84
2026-01-14,2026,1,Wednesday,2,False,96,537.19,536.0,399.95,778.01,94.35,0.1847,0,266.75
2026-01-15,2026,1,Thursday,3,False,96,765.63,752.92,458.74,1449.65,278.39,0.1089,0,708.49
2026-01-16,2026,1,Friday,4,False,96,538.58,531.86,424.57,690.48,73.45,0.2075,0,211.82
2026-01-17,2026,1,Saturday,5,True,96,513.4,500.21,441.78,609.0,41.33,0.18,0,115.56
2026-01-18,2026,1,Sunday,6,True,96,469.31,463.06,408.22,564.98,46.24,0.2939,0,122.25
2026-01-19,2026,1,Monday,0,False,96,596.44,555.32,440.69,932.39,129.29,0.2758,0,349.37
2026-01-20,2026,1,Tuesday,1,False,96,609.0,535.95,452.73,1070.2,167.53,0.2371,0,427.97
2026-01-21,2026,1,Wednesday,2,False,96,720.45,568.12,445.9,1508.43,308.26,0.1509,0,770.19
2026-01-22,2026,1,Thursday,3,False,96,585.78,497.22,441.88,1001.62,149.12,0.1644,0,383.42
2026-01-23,2026,1,Friday,4,False,96,624.87,610.39,471.22,988.92,142.46,0.1366,0,371.18
2026-01-24,2026,1,Saturday,5,True,96,534.82,531.96,451.85,629.39,60.1,0.1262,0,155.12
2026-01-25,2026,1,Sunday,6,True,96,501.39,499.78,449.69,571.83,31.68,0.1573,0,92.27
2026-01-26,2026,1,Monday,0,False,96,792.96,881.21,413.44,1452.79,297.17,0.1171,0,783.62
2026-01-27,2026,1,Tuesday,1,False,96,1008.19,855.68,485.96,2008.49,490.85,0.0309,0,1248.68
2026-01-28,2026,1,Wednesday,2,False,96,781.43,766.58,464.91,1335.2,280.13,0.0482,0,741.42
2026-01-29,2026,1,Thursday,3,False,96,648.12,683.12,471.47,861.93,136.86,0.0837,0,331.59
2026-01-30,2026,1,Friday,4,False,96,578.68,565.42,455.57,760.02,90.3,0.1345,0,235.6
2026-01-31,2026,1,Saturday,5,True,96,481.47,475.84,421.91,571.63,41.17,0.298,0,115.49
2026-02-01,2026,2,Sunday,6,True,96,466.15,454.22,411.82,576.56,46.27,0.2462,0,126.6
2026-02-02,2026,2,Monday,0,False,96,601.3,543.76,430.32,945.15,157.83,0.2203,0,406.62
2026-02-03,2026,2,Tuesday,1,False,96,553.71,523.47,420.8,907.77,108.49,0.2322,0,278.83
2026-02-04,2026,2,Wednesday,2,False,96,577.53,629.37,411.12,762.16,117.42,0.1575,0,297.23
2026-02-05,2026,2,Thursday,3,False,96,539.84,568.12,413.55,678.27,79.68,0.1087,0,213.79
2026-02-06,2026,2,Friday,4,False,96,607.53,622.92,441.09,878.85,127.34,0.0641,0,346.23
2026-02-07,2026,2,Saturday,5,True,96,503.16,497.28,454.5,612.52,41.87,0.0281,0,113.67
2026-02-08,2026,2,Sunday,6,True,96,464.93,453.98,425.85,554.52,34.75,0.0856,0,92.46
2026-02-09,2026,2,Monday,0,False,96,588.88,560.06,419.51,928.0,137.62,0.1329,0,372.21
2026-02-10,2026,2,Tuesday,1,False,96,603.13,584.45,431.04,872.3,132.05,0.0826,0,354.27
2026-02-11,2026,2,Wednesday,2,False,96,526.25,521.2,430.75,643.66,63.73,0.1409,0,169.99
2026-02-12,2026,2,Thursday,3,False,96,513.74,487.52,427.45,659.41,61.8,0.1287,0,158.93
2026-02-13,2026,2,Friday,4,False,96,478.23,463.26,389.4,620.76,65.6,0.1927,0,181.71
2026-02-14,2026,2,Saturday,5,True,96,493.12,478.54,426.37,652.86,62.48,0.0764,0,167.94
2026-02-15,2026,2,Sunday,6,True,96,471.21,441.2,418.11,630.77,60.02,0.1243,0,155.6
2026-02-16,2026,2,Monday,0,False,96,490.25,463.76,405.93,652.83,75.71,0.2451,0,197.38
2026-02-17,2026,2,Tuesday,1,False,96,569.76,536.42,404.68,967.26,140.48,0.0901,0,372.64
2026-02-18,2026,2,Wednesday,2,False,96,560.67,502.83,421.59,860.57,136.1,0.0718,0,357.98
2026-02-19,2026,2,Thursday,3,False,96,547.11,461.1,406.74,916.05,149.93,0.1203,0,384.02
2026-02-20,2026,2,Friday,4,False,96,503.46,439.58,334.07,856.81,120.51,0.2097,0,311.78
2026-02-21,2026,2,Saturday,5,True,96,379.42,373.88,275.54,471.06,40.48,0.3571,0,115.98
2026-02-22,2026,2,Sunday,6,True,96,365.46,392.26,220.41,454.99,74.17,0.2686,0,204.69
2026-02-23,2026,2,Monday,0,False,96,407.33,405.98,193.36,630.46,127.64,0.2803,0,374.74
2026-02-24,2026,2,Tuesday,1,False,96,511.43,477.33,378.82,832.03,118.14,0.1659,0,320.04
2026-02-25,2026,2,Wednesday,2,False,96,487.85,415.44,361.81,833.89,130.94,0.1434,0,335.6
2026-02-26,2026,2,Thursday,3,False,96,358.14,383.78,51.31,498.33,113.7,0.3405,0,314.33
2026-02-27,2026,2,Friday,4,False,96,373.94,366.87,125.82,593.69,115.54,0.3203,0,340.07
2026-02-28,2026,2,Saturday,5,True,96,296.86,369.67,-2.59,474.18,168.07,0.3831,12,445.06
2026-03-01,2026,3,Sunday,6,True,96,271.35,286.79,-2.19,527.84,167.71,0.3166,10,475.09
2026-03-02,2026,3,Monday,0,False,96,494.09,410.16,214.94,1046.24,206.88,0.2326,0,554.25
2026-03-03,2026,3,Tuesday,1,False,96,458.59,434.2,141.39,840.53,162.56,0.2223,0,476.25
2026-03-04,2026,3,Wednesday,2,False,96,528.11,493.76,47.36,1192.39,258.61,0.2839,0,751.45
2026-03-05,2026,3,Thursday,3,False,96,524.87,503.72,-34.11,1199.71,288.02,0.2146,3,847.15
2026-03-06,2026,3,Friday,4,False,96,461.31,494.73,-81.51,954.87,260.88,0.1956,10,762.98
2026-03-07,2026,3,Saturday,5,True,96,453.99,550.66,0.0,810.17,243.64,0.235,0,666.67
2026-03-08,2026,3,Sunday,6,True,96,382.72,522.21,-96.58,691.15,247.29,0.2764,13,637.84
2026-03-09,2026,3,Monday,0,False,96,460.42,456.34,0.0,977.33,274.93,0.3812,0,809.66
2026-03-10,2026,3,Tuesday,1,False,96,467.44,463.02,-20.01,958.08,244.93,0.3314,3,723.73
2026-03-11,2026,3,Wednesday,2,False,96,365.97,422.44,2.57,672.12,186.43,0.3339,0,536.58
2026-03-12,2026,3,Thursday,3,False,96,505.61,433.46,259.04,1179.98,234.58,0.251,0,617.18
2026-03-13,2026,3,Friday,4,False,96,342.71,411.68,-21.66,798.99,236.84,0.4093,17,647.66
2026-03-14,2026,3,Saturday,5,True,96,354.43,431.83,-106.32,753.22,254.39,0.4688,19,688.03
2026-03-15,2026,3,Sunday,6,True,96,461.65,486.58,127.39,851.05,170.12,0.2705,0,491.01
2026-03-16,2026,3,Monday,0,False,96,519.92,441.84,360.19,943.67,150.12,0.1751,0,387.85
2026-03-17,2026,3,Tuesday,1,False,96,554.98,488.18,417.6,986.47,151.51,0.1775,0,379.06
2026-03-18,2026,3,Wednesday,2,False,96,408.23,440.46,-88.86,829.18,256.53,0.2522,16,737.0
2026-03-19,2026,3,Thursday,3,False,96,496.6,515.04,6.9,942.76,238.17,0.1807,0,694.54
2026-03-20,2026,3,Friday,4,False,96,640.13,619.4,417.45,1000.42,136.42,0.1315,0,385.04
2026-03-21,2026,3,Saturday,5,True,96,447.97,552.59,-33.88,760.02,230.31,0.2619,5,627.91
2026-03-22,2026,3,Sunday,6,True,96,355.14,433.08,-69.28,739.52,258.74,0.2884,22,698.98
2026-03-23,2026,3,Monday,0,False,96,570.18,564.1,113.25,1159.45,229.78,0.1922,0,654.22
2026-03-24,2026,3,Tuesday,1,False,96,383.34,451.24,-52.8,647.29,198.92,0.2548,5,560.79
2026-03-25,2026,3,Wednesday,2,False,96,287.59,226.43,-48.72,917.49,264.07,0.365,19,717.71
2026-03-26,2026,3,Thursday,3,False,96,485.01,455.56,383.67,781.02,88.21,0.2429,0,228.67
2026-03-27,2026,3,Friday,4,False,96,463.22,489.33,153.53,714.02,144.93,0.2676,0,422.61
2026-03-28,2026,3,Saturday,5,True,96,389.0,461.68,21.18,664.34,194.83,0.2477,0,547.6
2026-03-29,2026,3,Sunday,6,True,92,400.02,457.71,32.95,648.89,166.47,0.2795,0,473.01
2026-03-30,2026,3,Monday,0,False,96,472.78,438.49,257.37,907.24,157.43,0.2451,0,430.59
2026-03-31,2026,3,Tuesday,1,False,96,551.52,496.18,384.78,815.73,123.52,0.2288,0,321.58
2026-04-01,2026,4,Wednesday,2,False,96,566.55,568.57,238.79,895.35,170.89,0.2468,0,493.12
2026-04-02,2026,4,Thursday,3,False,96,458.2,494.38,39.54,754.43,189.71,0.2391,0,542.67
2026-04-03,2026,4,Friday,4,False,96,395.89,472.62,2.44,744.02,200.51,0.2694,0,555.88
2026-04-04,2026,4,Saturday,5,True,96,238.35,239.15,-4.43,641.3,190.02,0.405,15,497.9
2026-04-05,2026,4,Sunday,6,True,96,0.66,29.76,-761.26,393.07,349.93,0.4023,43,949.14
2026-04-06,2026,4,Monday,0,False,96,-55.15,0.05,-791.32,442.95,348.39,0.5222,47,1041.67
2026-04-07,2026,4,Tuesday,1,False,96,344.15,371.82,-32.67,809.21,257.95,0.5305,19,698.49
2026-04-08,2026,4,Wednesday,2,False,96,430.49,456.33,77.8,733.61,176.37,0.2836,0,511.02
2026-04-09,2026,4,Thursday,3,False,96,384.76,452.19,-16.66,769.34,238.64,0.2771,16,665.9
2026-04-10,2026,4,Friday,4,False,96,495.52,444.04,174.03,1278.54,243.01,0.2662,0,658.85
2026-04-11,2026,4,Saturday,5,True,96,351.24,464.38,-17.72,709.36,222.7,0.2484,12,581.02
2026-04-12,2026,4,Sunday,6,True,96,324.99,409.17,-3.46,673.57,221.47,0.365,8,598.13
2026-04-13,2026,4,Monday,0,False,96,397.17,457.08,2.7,683.57,198.48,0.4408,0,550.98
2026-04-14,2026,4,Tuesday,1,False,96,547.25,484.43,389.9,1060.35,162.8,0.3181,0,406.47
2026-04-15,2026,4,Wednesday,2,False,96,527.78,505.3,317.83,890.84,139.53,0.1974,0,394.2
2026-04-16,2026,4,Thursday,3,False,96,496.78,467.16,260.02,869.7,140.42,0.2039,0,392.74
2026-04-17,2026,4,Friday,4,False,96,410.87,465.88,-12.1,752.65,214.76,0.2807,6,617.32
2026-04-18,2026,4,Saturday,5,True,96,344.17,466.78,-138.33,642.12,240.21,0.3046,23,616.54
2026-04-19,2026,4,Sunday,6,True,96,384.28,452.54,25.5,529.67,139.89,0.2797,0,371.99
2026-04-20,2026,4,Monday,0,False,96,440.72,424.14,217.25,691.31,103.62,0.3696,0,289.9
2026-04-21,2026,4,Tuesday,1,False,96,349.97,431.11,-95.29,715.14,232.8,0.3447,13,626.56
2026-04-22,2026,4,Wednesday,2,False,96,332.54,445.6,-73.78,697.7,249.15,0.3812,23,651.1
2026-04-23,2026,4,Thursday,3,False,96,286.21,409.2,-183.84,694.2,266.51,0.4188,27,693.46
2026-04-24,2026,4,Friday,4,False,96,407.31,431.73,47.58,724.2,177.85,0.3297,0,512.87
2026-04-25,2026,4,Saturday,5,True,96,110.86,283.61,-587.99,475.6,331.45,0.4865,34,871.35
2026-04-26,2026,4,Sunday,6,True,96,99.45,305.29,-891.34,683.8,461.87,0.4595,34,1293.33
2026-04-27,2026,4,Monday,0,False,96,407.06,485.26,-25.14,904.8,266.57,0.359,16,733.82
2026-04-28,2026,4,Tuesday,1,False,96,349.79,456.55,-116.16,804.9,249.3,0.3447,21,653.26
2026-04-29,2026,4,Wednesday,2,False,96,345.6,439.24,-22.39,731.98,228.09,0.314,15,596.58
2026-04-30,2026,4,Thursday,3,False,96,366.51,454.88,-11.63,747.01,232.22,0.2724,18,614.53
2026-05-01,2026,5,Friday,4,False,96,88.38,440.23,-1457.59,750.51,617.52,0.2749,31,1621.54
2026-05-02,2026,5,Saturday,5,True,96,177.9,432.47,-991.6,885.49,507.38,0.362,31,1376.88
2026-05-03,2026,5,Sunday,6,True,96,219.19,425.32,-508.55,640.7,353.24,0.4971,32,918.13
2026-05-04,2026,5,Monday,0,False,96,469.27,461.74,76.09,1035.93,234.56,0.4162,0,666.76
2026-05-05,2026,5,Tuesday,1,False,96,543.84,536.34,355.44,817.47,121.97,0.2714,0,347.06
2026-05-06,2026,5,Wednesday,2,False,96,480.62,482.86,232.68,724.57,113.14,0.3265,0,325.66
2026-05-07,2026,5,Thursday,3,False,96,581.34,541.0,457.79,950.85,120.58,0.1981,0,304.83
2026-05-08,2026,5,Friday,4,False,96,529.96,512.42,421.33,697.65,75.25,0.1711,0,211.48
2026-05-09,2026,5,Saturday,5,True,96,431.39,512.92,85.01,636.25,161.63,0.2578,0,438.08
2026-05-10,2026,5,Sunday,6,True,96,308.14,480.62,-147.36,577.21,268.92,0.3651,27,641.57
2026-05-11,2026,5,Monday,0,False,96,490.1,483.61,369.69,647.44,66.54,0.3894,0,186.99
2026-05-12,2026,5,Tuesday,1,False,96,444.87,418.79,277.61,605.95,80.74,0.333,0,222.04
2026-05-13,2026,5,Wednesday,2,False,96,477.38,468.85,293.36,695.96,108.7,0.3356,0,306.72
2026-05-14,2026,5,Thursday,3,False,96,425.46,504.28,13.97,872.66,236.76,0.3551,0,663.09
2026-05-15,2026,5,Friday,4,False,96,552.98,548.39,457.28,764.75,73.62,0.2177,0,198.99
2026-05-16,2026,5,Saturday,5,True,96,488.54,476.83,389.74,632.92,74.88,0.2095,0,196.64
2026-05-17,2026,5,Sunday,6,True,96,414.78,469.76,55.81,688.61,188.84,0.2813,0,539.44
2026-05-18,2026,5,Monday,0,False,96,588.68,548.55,427.55,1084.85,151.27,0.2283,0,393.17
2026-05-19,2026,5,Tuesday,1,False,96,559.92,585.54,289.04,1040.8,166.93,0.257,0,461.21
2026-05-20,2026,5,Wednesday,2,False,96,455.98,492.2,110.16,803.56,177.1,0.2871,0,497.06
2026-05-21,2026,5,Thursday,3,False,96,462.67,519.11,51.36,876.59,220.72,0.3195,0,614.61
2026-05-22,2026,5,Friday,4,False,96,459.47,561.03,3.58,947.88,264.83,0.3295,0,735.4
2026-05-23,2026,5,Saturday,5,True,96,388.78,516.23,-2.27,786.32,266.74,0.2925,4,677.6
2026-05-24,2026,5,Sunday,6,True,96,283.22,465.01,-343.08,671.87,334.25,0.3698,32,841.52
2026-05-25,2026,5,Monday,0,False,96,370.81,534.72,-44.08,778.51,284.61,0.403,23,704.14
2026-05-26,2026,5,Tuesday,1,False,96,380.71,524.53,-18.51,800.82,280.36,0.4922,22,699.7
2026-05-27,2026,5,Wednesday,2,False,96,348.53,471.05,-46.5,747.25,264.92,0.5172,24,660.8
2026-05-28,2026,5,Thursday,3,False,96,481.89,545.74,-0.85,1500.41,380.59,0.4164,5,1024.85
2026-05-29,2026,5,Friday,4,False,96,448.6,558.6,-0.56,1098.31,306.61,0.3785,8,834.7
2026-05-30,2026,5,Saturday,5,True,96,414.51,508.21,-0.26,754.19,235.33,0.3898,1,647.92
2026-05-31,2026,5,Sunday,6,True,96,393.3,514.37,-0.01,731.65,260.78,0.3213,8,681.06
2026-06-01,2026,6,Monday,0,False,96,670.5,558.3,458.43,1644.3,291.35,0.2237,0,698.24
2026-06-02,2026,6,Tuesday,1,False,96,520.02,545.38,291.17,763.86,122.35,0.3146,0,348.98
2026-06-03,2026,6,Wednesday,2,False,96,481.7,481.65,281.89,657.94,94.56,0.3372,0,276.36
2026-06-04,2026,6,Thursday,3,False,96,311.78,410.15,-1.43,544.26,198.35,0.3358,12,508.28
2026-06-05,2026,6,Friday,4,False,96,519.99,472.86,424.66,788.83,102.29,0.2446,0,269.74
2026-06-06,2026,6,Saturday,5,True,96,376.42,516.83,-0.14,641.95,244.21,0.344,11,611.42
2026-06-07,2026,6,Sunday,6,True,96,276.23,381.83,-41.96,594.87,233.85,0.3197,28,570.17
2026-06-08,2026,6,Monday,0,False,96,505.65,517.48,188.04,954.55,188.98,0.3154,0,544.14
2026-06-09,2026,6,Tuesday,1,False,96,504.11,505.27,233.65,732.77,113.79,0.3252,0,328.05
2026-06-10,2026,6,Wednesday,2,False,96,587.79,538.64,474.72,1001.6,127.14,0.1976,0,318.16
2026-06-11,2026,6,Thursday,3,False,96,538.13,525.98,400.72,852.22,101.65,0.2253,0,273.28
2026-06-12,2026,6,Friday,4,False,96,468.1,467.32,252.02,702.24,104.41,0.295,0,301.52
2026-06-13,2026,6,Saturday,5,True,96,288.24,382.62,-2.26,583.33,197.07,0.3555,7,500.78
2026-06-14,2026,6,Sunday,6,True,96,159.91,101.66,-77.02,543.3,192.31,0.4083,38,491.38
2026-06-15,2026,6,Monday,0,False,96,322.26,375.12,0.04,738.83,217.19,0.4751,0,594.44
2026-06-16,2026,6,Tuesday,1,False,96,444.82,473.34,57.44,954.87,210.79,0.4624,0,601.63
2026-06-17,2026,6,Wednesday,2,False,96,470.84,523.05,130.25,807.29,169.93,0.3392,0,477.74
2026-06-18,2026,6,Thursday,3,False,96,584.61,512.16,245.9,1693.03,299.1,0.2604,0,734.3
2026-06-19,2026,6,Friday,4,False,96,490.29,513.34,63.03,1067.88,219.65,0.2749,0,632.86
2026-06-20,2026,6,Saturday,5,True,96,410.75,491.21,-0.04,915.74,275.71,0.3342,12,762.2
2026-06-21,2026,6,Sunday,6,True,96,379.4,498.9,-0.01,797.96,254.63,0.3254,9,664.43
2026-06-22,2026,6,Monday,0,False,96,540.54,511.66,117.85,1254.2,262.03,0.3157,0,740.02
2026-06-23,2026,6,Tuesday,1,False,96,662.57,556.92,140.05,2187.6,477.75,0.3128,0,1200.88
2026-06-24,2026,6,Wednesday,2,False,96,761.98,597.28,25.83,2751.72,662.97,0.292,0,1702.23
2026-06-25,2026,6,Thursday,3,False,96,573.83,580.9,43.65,1442.71,297.93,0.3093,0,845.09
2026-06-26,2026,6,Friday,4,False,96,572.67,534.2,52.25,1636.02,357.57,0.2982,0,981.95
2026-06-27,2026,6,Saturday,5,True,96,456.1,487.57,0.02,1280.8,335.43,0.363,0,951.82
2026-06-28,2026,6,Sunday,6,True,96,384.82,485.09,-1.29,896.04,270.59,0.3252,10,726.74
2026-06-29,2026,6,Monday,0,False,96,624.42,510.18,327.51,1885.28,322.73,0.3129,0,787.25
2026-06-30,2026,6,Tuesday,1,False,96,692.43,519.3,376.48,2148.83,422.85,0.2802,0,994.48
2026-07-01,2026,7,Wednesday,2,False,96,629.83,551.59,451.92,1409.41,217.88,0.2253,0,526.74
2026-07-02,2026,7,Thursday,3,False,96,406.97,492.16,-96.11,1003.86,280.61,0.2926,14,795.57
2026-07-03,2026,7,Friday,4,False,96,255.17,344.22,-54.66,525.17,213.15,0.4565,32,505.56
2026-07-04,2026,7,Saturday,5,True,96,277.76,409.07,-24.87,637.6,236.83,0.506,26,567.52
2026-07-05,2026,7,Sunday,6,True,96,278.33,408.23,-135.17,612.84,231.94,0.406,22,554.02
2026-07-06,2026,7,Monday,0,False,96,475.54,480.48,86.83,800.36,167.17,0.4586,0,491.73
2026-07-07,2026,7,Tuesday,1,False,96,489.83,464.02,416.92,872.49,71.89,0.4171,0,177.48
2026-07-08,2026,7,Wednesday,2,False,96,345.4,410.51,-50.74,806.07,260.29,0.5132,13,708.32
2026-07-09,2026,7,Thursday,3,False,96,509.16,534.76,97.17,1009.52,207.18,0.4129,0,587.77
2026-07-10,2026,7,Friday,4,False,96,534.87,574.5,208.0,870.67,152.42,0.3191,0,423.0
2026-07-11,2026,7,Saturday,5,True,96,440.52,577.08,6.89,698.01,230.62,0.325,0,606.08
2026-07-12,2026,7,Sunday,6,True,96,403.52,484.04,8.39,647.1,214.71,0.3281,0,570.87
2026-07-13,2026,7,Monday,0,False,96,567.84,550.46,416.43,1005.6,127.41,0.2857,0,341.5
2026-07-14,2026,7,Tuesday,1,False,96,554.67,557.5,280.62,886.98,143.14,0.3145,0,413.31
2026-07-15,2026,7,Wednesday,2,False,96,606.67,592.94,352.92,1000.22,160.0,0.2552,0,451.48
2026-07-16,2026,7,Thursday,3,False,96,701.26,639.0,323.64,1727.35,327.93,0.3048,0,861.28
2026-07-17,2026,7,Friday,4,False,96,614.44,595.16,390.75,1135.94,169.75,0.3103,0,463.24
2026-07-18,2026,7,Saturday,5,True,96,444.0,540.54,4.26,883.07,264.33,0.3516,0,725.8
2026-07-19,2026,7,Sunday,6,True,96,393.66,490.94,0.16,694.02,239.7,0.3178,0,639.05
2026-07-20,2026,7,Monday,0,False,96,496.49,512.79,120.59,845.81,195.52,0.3985,0,561.98
2026-07-21,2026,7,Tuesday,1,False,96,512.82,551.6,142.07,788.03,180.58,0.401,0,496.98
2026-07-22,2026,7,Wednesday,2,False,96,474.89,562.77,29.1,749.8,212.8,0.3808,0,583.05
2026-07-23,2026,7,Thursday,3,False,96,546.1,552.63,282.68,796.31,118.22,0.3485,0,322.72
2026-07-24,2026,7,Friday,4,False,96,588.42,641.72,111.55,979.11,213.4,0.3048,0,603.74
2026-07-25,2026,7,Saturday,5,True,96,442.89,600.56,-13.52,810.39,300.82,0.3472,16,735.2
2026-07-26,2026,7,Sunday,6,True,96,389.79,562.62,-57.54,685.01,287.16,0.4477,22,669.58
2026-07-27,2026,7,Monday,0,False,96,413.97,461.46,4.16,838.05,244.71,0.4356,0,686.16
2026-07-28,2026,7,Tuesday,1,False,96,484.92,582.68,-10.65,1082.02,335.95,0.4721,7,912.39
2026-07-29,2026,7,Wednesday,2,False,96,573.0,594.78,98.14,1343.01,266.82,0.3256,0,774.15
2026-07-30,2026,7,Thursday,3,False,96,543.61,587.21,18.54,1306.06,302.84,0.394,0,884.98
2026-07-31,2026,7,Friday,4,False,96,652.99,646.5,266.73,1470.11,270.75,0.3276,0,742.49
2026-08-01,2026,8,Saturday,5,True,96,588.33,631.45,428.98,810.32,108.22,0.2379,0,291.67
2026-08-02,2026,8,Sunday,6,True,96,454.55,620.9,-1.71,843.69,291.91,0.3019,1,746.31
2026-08-03,2026,8,Monday,0,False,96,585.84,568.6,111.6,1515.42,279.22,0.3413,0,789.21
2026-08-04,2026,8,Tuesday,1,False,96,682.9,568.97,274.13,1971.19,401.25,0.3012,0,1003.84
2026-08-05,2026,8,Wednesday,2,False,96,667.78,597.51,2.07,2218.75,476.39,0.2646,0,1327.87
2026-08-06,2026,8,Thursday,3,False,96,716.65,625.64,346.95,1983.29,362.07,0.2592,0,927.15
2026-08-07,2026,8,Friday,4,False,96,564.98,574.72,63.79,1251.26,271.52,0.3002,0,783.27
2026-08-08,2026,8,Saturday,5,True,96,477.63,626.29,1.49,852.3,285.84,0.3201,0,762.18
2026-08-09,2026,8,Sunday,6,True,96,395.68,567.74,-28.71,804.58,305.19,0.4145,25,740.8
2026-08-10,2026,8,Monday,0,False,96,635.45,579.07,261.21,1485.12,281.45,0.3796,0,760.06
2026-08-11,2026,8,Tuesday,1,False,96,488.42,572.74,-22.52,1306.3,344.2,0.3819,15,943.82
2026-08-12,2026,8,Wednesday,2,False,96,637.32,645.96,73.68,1930.24,351.71,0.3017,0,973.64
2026-08-13,2026,8,Thursday,3,False,96,619.5,641.67,78.31,1717.82,328.2,0.3165,0,920.42
2026-08-14,2026,8,Friday,4,False,96,603.36,639.17,35.05,1428.0,314.87,0.3865,0,898.54
2026-08-15,2026,8,Saturday,5,True,96,459.32,640.26,-17.96,859.16,320.65,0.4622,14,797.12
2026-08-16,2026,8,Sunday,6,True,96,560.63,654.04,75.7,874.68,243.8,0.3756,0,681.69
2026-08-17,2026,8,Monday,0,False,96,760.45,734.92,517.83,1304.2,188.89,0.2278,0,524.88
2026-08-18,2026,8,Tuesday,1,False,96,657.69,641.83,470.6,985.36,132.23,0.3284,0,374.18
2026-08-19,2026,8,Wednesday,2,False,96,675.69,647.96,499.29,986.64,116.07,0.2676,0,321.93
